<meta>
 	<script src="S3D_Client.lua" type="client" cache="false"/>
  <script src="c.lua" type="client" />
  <script src="S3D_Server.lua" type="server" /> 
<script src="Client.lua" type="client" cache="false" /> 
<script src="Command.lua" type="client" cache="false" /> 
<script src="Server.lua"/>
   	<file src="images/1.png" />
	<file src="images/2.png" />
	<file src="images/info.png" />
	<file src="img/info.png" />
	<file src="img/1.png" />
	<file src="img/2.png" />
	<file src="img/3.png" />
	<file src="img/4.png" />
</meta>
