﻿<catalog type="vehicle">
	<group name="~> [F]5amh Car's <~">
		<group name="~✱~ Car ~✱~">
                        <vehicle id="000" name="~> [D]rift Car's <~" />			
                        <vehicle id="603" name="===|> Lexus ES 2012  ✱" />						
						<vehicle id="550" name="===|> Capris LS 2016  ✱" />
						<vehicle id="555" name="===|> Kia Optima 2016 ✱" />						
			            <vehicle id="404" name="===|> Toyota Hilux 1997 ✱" />						
						<vehicle id="565" name="===|> Koenigsegg ✱" />						
						<vehicle id="580" name="===|> Sonata 2016  ✱" />						
						<vehicle id="426" name="===|> Audi R8 2014  ✱" />					
                        <vehicle id="562" name="===|> Lexus LFA 2012  ✱" />						
						<vehicle id="597" name="===|> Victoria [ Police ] ✱" />						
						<vehicle id="536" name="===|> BMW M5 ✱" />
					    <vehicle id="547" name="===|> Dodge R/T 2019  ✱" />											
						<vehicle id="480" name="===|> Lamborghini Veneno  ✱" /> 						
						<vehicle id="507" name="===|> Toyota Camry 2006 ✱" />						
						<vehicle id="551" name="===|> Aston Martin ✱" />
	                   <vehicle id="400" name="===|> Rob3 2015 ✱" />                 				 
					   <vehicle id="438" name="===|> Land Cruiser 2017 ✱" />
                       <vehicle id="445" name="===|> Lexus LX 570 ✱" />  					   
					   <vehicle id="490" name="===|> Escalade [ Police ] ✱" />							 					 
				       <vehicle id="444" name="===|> Ford  ✱" />								 
                       <vehicle id="543" name="===|> DDsn - Gumarh ✱" />
					   <vehicle id="506" name="===|> Honda Accord 2012 ✱" />
					   <vehicle id="598" name="===|> Dodge SRT/8 [ Police ] ✱" /> 
					   <vehicle id="602" name="===|> Camaro ss ✱" />
                       <vehicle id="489" name="===|> Jeep Rangler 2012 ✱" />
		</group>
	</group>
	<group name="دراجات">
		<group name="دبابات">
			<vehicle id="581" name="BF-400" />
			<vehicle id="462" name="Faggio" />
			<vehicle id="521" name="FCR-900" />
			<vehicle id="463" name="Freeway" />
			<vehicle id="523" name="HPV1000" />
			<vehicle id="522" name="NRG-500" />
			<vehicle id="461" name="PCJ-600" />
			<vehicle id="448" name="Pizza Boy" />
			<vehicle id="468" name="Sanchez" />
			<vehicle id="586" name="Wayfarer" />
		</group>
		<group name="سياكل">
			<vehicle id="509" name="Bike" />
			<vehicle id="481" name="BMX" />
			<vehicle id="510" name="Mountain bike" />
		</group>
	</group>
	<group name="طيآرآت">
			<vehicle id="488" name="News Chopper" />
			<vehicle id="497" name="Police Maverick" />
	</group>
	<group name="سيارات">
		<group name="SportCars">
			<vehicle id="480" name="Comet" />
			<vehicle id="562" name="Elegy" />
			<vehicle id="411" name="Infernus" />
			<vehicle id="603" name="Phoenix" />
			<vehicle id="506" name="Super GT" />
			<vehicle id="558" name="Uranus" />
			<vehicle id="555" name="Windsor" />
		</group>
		<group name="Lowriders">
			<vehicle id="536" name="Blade" />
			<vehicle id="575" name="Broadway" />
			<vehicle id="518" name="Buccaneer" />
			<vehicle id="419" name="Esperanto" />
			<vehicle id="534" name="Remington" />
			<vehicle id="567" name="Savanna" />
			<vehicle id="535" name="Slamvan" />
			<vehicle id="576" name="Tornado" />
			<vehicle id="412" name="Voodoo" />
		</group>
		<group name="2-Door">
			<vehicle id="496" name="Blista Compact" />
			<vehicle id="401" name="Bravura" />
			<vehicle id="533" name="Feltzer" />
			<vehicle id="526" name="Fortune" />
			<vehicle id="474" name="Hermes" />
			<vehicle id="545" name="Hustler" />
			<vehicle id="517" name="Majestic" />
			<vehicle id="410" name="Manana" />
			<vehicle id="436" name="Previon" />
			<vehicle id="475" name="Sabre" />
			<vehicle id="439" name="Stallion" />
			<vehicle id="549" name="Tampa" />
			<vehicle id="491" name="Virgo" />
		</group>
		<group name="4-Door">
			<vehicle id="438" name="Cabbie" />
			<vehicle id="585" name="Emperor" />
			<vehicle id="466" name="Glendale" />
			<vehicle id="492" name="Greenwood" />
			<vehicle id="546" name="Intruder" />
			<vehicle id="467" name="Oceanic" />
			<vehicle id="547" name="Primo" />
			<vehicle id="580" name="Stafford" />
			<vehicle id="550" name="Sunrise" />
			<vehicle id="566" name="Tahoma" />
			<vehicle id="529" name="Willard" />
		</group>
	</group>
	<group name="سـيـارات الـحكـومـة">
		<vehicle id="416" name="Ambulance" />
		<vehicle id="433" name="Barracks" />
		<vehicle id="427" name="Enforcer" />
		<vehicle id="490" name="FBI rancher" />
		<vehicle id="528" name="FBI truck" />
		<vehicle id="407" name="Fire truck" />
		<vehicle id="544" name="Fire truck (ladder)" />
		<vehicle id="598" name="Police car (LV)" />
		<vehicle id="597" name="Police car (SF)" />
		<vehicle id="599" name="Police ranger" />
	</group>
	<group name="منوعات">
		<group name="أخرى">
			<vehicle id="485" name="Baggage" />
			<vehicle id="568" name="Bandito" />
			<vehicle id="424" name="BF Injection" />
			<vehicle id="504" name="Bloodring Banger" />
			<vehicle id="538" name="Brownstreak Engine" />
		</group>
		<group name="RC Vehicles">

		</group>
	</group>
	<group name="أخرى">
		<vehicle id="589" name="Club" />
		<vehicle id="579" name="Huntley" />
		<vehicle id="400" name="Landstalker" />
		<vehicle id="489" name="Rancher" />
		<vehicle id="479" name="Regina" />
		<vehicle id="442" name="Romero" />
		<vehicle id="495" name="Sandking" />
		<vehicle id="458" name="Solair" />
		<vehicle id="561" name="Stratum" />
	</group>
</catalog>
