<meta>
<script src="s.lua" type="server" />
<script src="c.lua" type="client"  cache="false" />
<script src="cStore.lua" type="client"  cache="false" />
<script src="sStore.lua" type="server" />
	<!-- Img Inv -->
	<file src="Img/BackpackLVL0.png" />
	<file src="Img/BackpackLVL1.png" />
	<file src="Img/BackpackLVL2.png" />
	<file src="Img/BackpackLVL3.png" />
	<file src="Img/Store.png" />
	<file src="Img/Cash.png" />
	<file src="Img/Bandage.png" />
	<file src="Img/FirstAid Kit.png" />
	<file src="Img/Med Kit.png" />
	<file src="Img/Adrenaline.png" />
	<file src="Img/PainKiller.png" />
	<file src="Img/Energy Drink.png" />
	<!-- Models Inv -->
	<file src="Models/BP1.txd" download="false" />
	<file src="Models/BP1.dff" download="false" />
	<file src="Models/BP2.txd" download="false" />
	<file src="Models/BP2.dff" download="false" />
	<file src="Models/BP3.txd" download="false" />
	<file src="Models/BP3.dff" download="false" />
</meta>