<meta>
	<info name="GameMode" author="MR.S3D" type="script" version="5.0"/>
 

	<script src="Client.lua" type="client" cache="false"/>
	<script src="Server.lua" type="server" />

	<file src="font/font_EditBox.ttf" />
	<file src="font/font.ttf" />
	<file src="font/arabic.ttf" />
	<file src="font/english.ttf" />
	<file src="sounds/song.mp3" />	
<file src="img/background.png" />
<file src="img/background2.png" />
<file src="img/load.png" />
<file src="img/ping.png" />
<file src="img/players.png" />		
	<file src="img/user.png" />
	<file src="img/pass.png" />


	<export function="addNotification" type="client" />
	<export function="addNotification" type="server" />
</meta>