<meta>
	<info name='Server Panels' author='MR.S3D' version='1.0' />

        <script src="S3D_Client.lua" type="client" cache="false" />	
        <script src="cPlace.lua" type="client" cache="false" />	
        <script src="cSave.lua" type="client" cache="false" />	
        <script src="Qwanen.lua" type="client" cache="false" />	
        <script src="S3D_She5.lua" type="client" cache="false" />	
        <script src="sPlace.lua" type="server" cache="false" />	
        <script src="sSave.lua" type="server" cache="false" />	
		<file src="s3d.png" />	
</meta>	