<meta>
<info type="MR.S3D-^،^-Fuck-Wzrah" version="1.0.0"></info>
<map src="S3D.map" dimension="0"></map>
<script src="S3D-C.lua" type="client" />
<script src="S3D-S.lua" type="server" />
<script src="Fire-S3D.lua" type="server" />
<settings>
<setting name="#maxplayers" value="[ 128 ]"></setting>
<setting name="#useLODs" value="[ false ]"></setting>
<setting name="#gamespeed" value="[ 1 ]"></setting>
<setting name="#minplayers" value="[ 0 ]"></setting>
<setting name="#gravity" value="[ 0.0080000003799796104 ]"></setting>
<setting name="#waveheight" value="[ 0 ]"></setting>
<setting name="#locked_time" value="[ false ]"></setting>
<setting name="#weather" value="[ 0 ]"></setting>
<setting name="#time" value="12:0"></setting>
</settings>
<script src="mapEditorScriptingExtension_s.lua" type="server"></script>
<script src="mapEditorScriptingExtension_c.lua" type="client" validate="false"></script>
</meta>
