<meta>
    <script src="replace.lua" type="client" />
    <file src="8661.txd" type="client" />
    <file src="4241.txd" type="client" />
    <file src="8357.txd" type="client" />
    <file src="TxD.txd" type="client" />
    <file src="4867.txd" type="client" />
    <script src="cars.lua" type="server" />
    <script src="broph.lua" type="server"></script>
	<script type="server" src="server.lua" />
    <oop>true</oop>
    <info type="map" version="1.0"></info>
    <map src="MaP-BdAya-Fa5Ma.map" dimension="0"></map>
    <settings>
        <setting name="#maxplayers" value="[ 128 ]"></setting>
        <setting name="#useLODs" value="[ false ]"></setting>
        <setting name="#gamespeed" value="[ 1 ]"></setting>
        <setting name="#minplayers" value="[ 0 ]"></setting>
        <setting name="#gravity" value="[ 0.0080000004 ]"></setting>
        <setting name="#waveheight" value="[ 0 ]"></setting>
        <setting name="#locked_time" value="[ false ]"></setting>
        <setting name="#weather" value="[ 1 ]"></setting>
        <setting name="#time" value="12:0"></setting>
    </settings>
    <script src="mapEditorScriptingExtension_s.lua" type="server"></script>
    <script src="mapEditorScriptingExtension_c.lua" type="client" validate="false"></script>
	<script type="server" src="1.lua" />
</meta>
