<map edf:definitions="race,editor_main">
    <object id="object (landjump2) (2)" breakable="true" interior="0" collisions="true" alpha="255" model="1634" doublesided="false" scale="1" dimension="0" posX="3567.9194" posY="518.06268" posZ="15.88547" rotX="0" rotY="0" rotZ="270"></object>
    <racepickup id="racepickup (NRG-500) (3)" type="nitro" vehicle="522" respawn="0" alpha="255" interior="0" posX="3515.3" posY="455.5" posZ="19.1" rotX="0" rotY="0" rotZ="190.8"></racepickup>
    <object id="object (vgshseing28) (1)" breakable="true" interior="0" collisions="true" alpha="255" model="8558" doublesided="true" scale="1" dimension="0" posX="3475.6475" posY="502.70313" posZ="13.05969" rotX="0" rotY="0" rotZ="0"></object>
    <object id="object (hothol02_law01) (1)" breakable="true" interior="0" collisions="true" alpha="255" model="5738" doublesided="true" scale="1" dimension="0" posX="3515.0586" posY="509.25293" posZ="0" rotX="0" rotY="0" rotZ="0"></object>
    <object id="object (vgshseing28) (1)" breakable="true" interior="0" collisions="true" alpha="255" model="8558" doublesided="true" scale="1" dimension="0" posX="3475.5156" posY="537.6582" posZ="13.05969" rotX="0" rotY="0" rotZ="0"></object>
    <object id="object (hothol02_law01) (1)" breakable="true" interior="0" collisions="true" alpha="255" model="5738" doublesided="false" scale="1" dimension="0" posX="3515.1914" posY="528.76074" posZ="0" rotX="0" rotY="0" rotZ="0"></object>
    <object id="object (vgshseing28) (1)" breakable="true" interior="0" collisions="true" alpha="255" model="8558" doublesided="true" scale="1" dimension="0" posX="3435.1406" posY="537.65234" posZ="13.05969" rotX="0" rotY="0" rotZ="0"></object>
    <object id="object (vgshseing28) (1)" breakable="true" interior="0" collisions="true" alpha="255" model="8558" doublesided="true" scale="1" dimension="0" posX="3435.3057" posY="502.67578" posZ="13.05969" rotX="0" rotY="0" rotZ="0"></object>
    <object id="object (vgshseing28) (1)" breakable="true" interior="0" collisions="true" alpha="255" model="8558" doublesided="true" scale="1" dimension="0" posX="3412.6328" posY="520.24121" posZ="13.05969" rotX="0" rotY="0" rotZ="270"></object>
    <object id="object (vgshseing28) (1)" breakable="true" interior="0" collisions="true" alpha="255" model="8558" doublesided="true" scale="1" dimension="0" posX="3414.2312" posY="558.22864" posZ="13.05969" rotX="0" rotY="0" rotZ="70"></object>
    <object id="object (vgshseing28) (1)" breakable="true" interior="0" collisions="true" alpha="255" model="8558" doublesided="false" scale="1" dimension="0" posX="3413.7366" posY="481.66827" posZ="13.05969" rotX="0" rotY="0" rotZ="289"></object>
    <object id="object (vgshseing28) (1)" breakable="true" interior="0" collisions="true" alpha="255" model="8558" doublesided="true" scale="1" dimension="0" posX="3407.5283" posY="520.16797" posZ="13.05969" rotX="0" rotY="0" rotZ="270"></object>
    <object id="object (vgshseing28) (1)" breakable="true" interior="0" collisions="true" alpha="255" model="8558" doublesided="true" scale="1" dimension="0" posX="3498.2578" posY="560.00488" posZ="13.05969" rotX="0" rotY="0" rotZ="270"></object>
    <object id="object (vgshseing28) (1)" breakable="true" interior="0" collisions="true" alpha="255" model="8558" doublesided="true" scale="1" dimension="0" posX="3498.1897" posY="600.30585" posZ="13.05969" rotX="0" rotY="0" rotZ="270"></object>
    <object id="object (vgshseing28) (1)" breakable="true" interior="0" collisions="true" alpha="255" model="8558" doublesided="true" scale="1" dimension="0" posX="3532.321" posY="559.85907" posZ="13.05969" rotX="0" rotY="0" rotZ="270"></object>
    <object id="object (vgshseing28) (1)" breakable="true" interior="0" collisions="true" alpha="255" model="8558" doublesided="true" scale="1" dimension="0" posX="3532.3547" posY="600.24109" posZ="13.05969" rotX="0" rotY="0" rotZ="270"></object>
    <object id="object (vgshseing28) (1)" breakable="true" interior="0" collisions="true" alpha="255" model="8558" doublesided="true" scale="1" dimension="0" posX="3515.6379" posY="622.99658" posZ="13.05969" rotX="0" rotY="0" rotZ="0"></object>
    <object id="object (vgshseing28) (1)" breakable="true" interior="0" collisions="true" alpha="255" model="8558" doublesided="true" scale="1" dimension="0" posX="3428.0417" posY="596.20514" posZ="13.05969" rotX="0" rotY="0" rotZ="69.999"></object>
    <object id="object (vgshseing28) (1)" breakable="true" interior="0" collisions="true" alpha="255" model="8558" doublesided="true" scale="1" dimension="0" posX="3431.553" posY="605.8811" posZ="13.0645" rotX="0" rotY="0" rotZ="69.999"></object>
    <object id="object (vgshseing28) (1)" breakable="true" interior="0" collisions="true" alpha="255" model="8558" doublesided="true" scale="1" dimension="0" posX="3554.8108" posY="537.00446" posZ="13.05969" rotX="0" rotY="0" rotZ="0"></object>
    <object id="object (vgshseing28) (1)" breakable="true" interior="0" collisions="true" alpha="255" model="8558" doublesided="true" scale="1" dimension="0" posX="3595.1526" posY="536.95587" posZ="13.05969" rotX="0" rotY="0" rotZ="0"></object>
    <object id="object (vgshseing28) (1)" breakable="true" interior="0" collisions="true" alpha="255" model="8558" doublesided="true" scale="1" dimension="0" posX="3554.8369" posY="502.17886" posZ="13.05969" rotX="0" rotY="0" rotZ="0"></object>
    <object id="object (vgshseing28) (1)" breakable="true" interior="0" collisions="true" alpha="255" model="8558" doublesided="true" scale="1" dimension="0" posX="3595.2019" posY="502.15961" posZ="13.05969" rotX="0" rotY="0" rotZ="0"></object>
    <object id="object (vgshseing28) (1)" breakable="true" interior="0" collisions="true" alpha="255" model="8558" doublesided="true" scale="1" dimension="0" posX="3617.7354" posY="519.58472" posZ="13.05969" rotX="0" rotY="0" rotZ="270"></object>
    <object id="object (vgshseing28) (1)" breakable="true" interior="0" collisions="true" alpha="255" model="8558" doublesided="true" scale="1" dimension="0" posX="3532.1443" posY="479.58066" posZ="13.05969" rotX="0" rotY="0" rotZ="270"></object>
    <object id="object (vgshseing28) (1)" breakable="true" interior="0" collisions="true" alpha="255" model="8558" doublesided="true" scale="1" dimension="0" posX="3532.1211" posY="439.21771" posZ="13.05969" rotX="0" rotY="0" rotZ="270"></object>
    <object id="object (vgshseing28) (1)" breakable="true" interior="0" collisions="true" alpha="255" model="8558" doublesided="true" scale="1" dimension="0" posX="3497.8318" posY="480.06335" posZ="13.05969" rotX="0" rotY="0" rotZ="270"></object>
    <object id="object (vgshseing28) (1)" breakable="true" interior="0" collisions="true" alpha="255" model="8558" doublesided="true" scale="1" dimension="0" posX="3497.8291" posY="439.66815" posZ="13.05969" rotX="0" rotY="0" rotZ="270"></object>
    <object id="object (vgshseing28) (1)" breakable="true" interior="0" collisions="true" alpha="255" model="8558" doublesided="true" scale="1" dimension="0" posX="3514.9651" posY="417.13724" posZ="13.05969" rotX="0" rotY="0" rotZ="0"></object>
    <object id="object (vgshseing28) (1)" breakable="true" interior="0" collisions="true" alpha="255" model="8558" doublesided="false" scale="1" dimension="0" posX="3413.7363" posY="481.66797" posZ="13.05969" rotX="0" rotY="0" rotZ="288.995"></object>
    <object id="object (vgshseing28) (1)" breakable="true" interior="0" collisions="true" alpha="255" model="8558" doublesided="true" scale="1" dimension="0" posX="3514.9851" posY="412.02655" posZ="13.05969" rotX="0" rotY="0" rotZ="0"></object>
    <object id="object (vgshseing28) (1)" breakable="true" interior="0" collisions="true" alpha="255" model="8558" doublesided="false" scale="1" dimension="0" posX="3426.8472" posY="443.50003" posZ="13.05969" rotX="0" rotY="0" rotZ="288.995"></object>
    <object id="object (vgshseing28) (1)" breakable="true" interior="0" collisions="true" alpha="255" model="8558" doublesided="true" scale="1" dimension="0" posX="3514.9854" posY="412.02637" posZ="13.05969" rotX="0" rotY="0" rotZ="0"></object>
    <object id="object (vgshseing28) (1)" breakable="true" interior="0" collisions="true" alpha="255" model="8558" doublesided="true" scale="1" dimension="0" posX="3474.6987" posY="412.0329" posZ="13.05969" rotX="0" rotY="0" rotZ="0"></object>
    <object id="object (vgshseing28) (1)" breakable="true" interior="0" collisions="true" alpha="255" model="8558" doublesided="true" scale="1" dimension="0" posX="3456.0178" posY="412.06924" posZ="13.05969" rotX="0" rotY="0" rotZ="0"></object>
    <object id="object (vgshseing28) (1)" breakable="true" interior="0" collisions="true" alpha="255" model="8558" doublesided="false" scale="1" dimension="0" posX="3431.6895" posY="429.4321" posZ="13.05389" rotX="0" rotY="0" rotZ="288.995"></object>
    <object id="object (vgshseing28) (1)" breakable="true" interior="0" collisions="true" alpha="255" model="8558" doublesided="true" scale="1" dimension="0" posX="3622.8406" posY="519.58582" posZ="13.05969" rotX="0" rotY="0" rotZ="270"></object>
    <object id="object (vgshseing28) (1)" breakable="true" interior="0" collisions="true" alpha="255" model="8558" doublesided="true" scale="1" dimension="0" posX="3515.6062" posY="627.99487" posZ="13.05969" rotX="0" rotY="0" rotZ="0"></object>
    <object id="object (vgshseing28) (1)" breakable="true" interior="0" collisions="true" alpha="255" model="8558" doublesided="true" scale="1" dimension="0" posX="3475.2676" posY="627.9978" posZ="13.05969" rotX="0" rotY="0" rotZ="0"></object>
    <object id="object (vgshseing28) (1)" breakable="true" interior="0" collisions="true" alpha="255" model="8558" doublesided="true" scale="1" dimension="0" posX="3457.9126" posY="628.00586" posZ="13.05969" rotX="0" rotY="0" rotZ="0"></object>
    <object id="object (vgshseing28) (1)" breakable="true" interior="0" collisions="true" alpha="255" model="8558" doublesided="true" scale="1" dimension="0" posX="3433.231" posY="610.53247" posZ="13.0645" rotX="0" rotY="0" rotZ="69.999"></object>
    <object id="object (vgshseing28) (1)" breakable="true" interior="0" collisions="true" alpha="255" model="8558" doublesided="true" scale="1" dimension="0" posX="3555.939" posY="627.92566" posZ="13.05969" rotX="0" rotY="0" rotZ="0"></object>
    <object id="object (vgshseing28) (1)" breakable="true" interior="0" collisions="true" alpha="255" model="8558" doublesided="true" scale="1" dimension="0" posX="3615.4578" posY="557.26196" posZ="13.05969" rotX="0" rotY="0" rotZ="292.25"></object>
    <object id="object (vgshseing28) (1)" breakable="true" interior="0" collisions="true" alpha="255" model="8558" doublesided="true" scale="1" dimension="0" posX="3568.1475" posY="627.89868" posZ="13.05969" rotX="0" rotY="0" rotZ="0"></object>
    <object id="object (vgshseing28) (1)" breakable="true" interior="0" collisions="true" alpha="255" model="8558" doublesided="true" scale="1" dimension="0" posX="3600.2634" posY="594.45996" posZ="13.05969" rotX="0" rotY="0" rotZ="292.247"></object>
    <object id="object (vgshseing28) (1)" breakable="true" interior="0" collisions="true" alpha="255" model="8558" doublesided="true" scale="1" dimension="0" posX="3593.5623" posY="610.80872" posZ="13.05969" rotX="0" rotY="0" rotZ="292.247"></object>
    <object id="object (vgshseing28) (1)" breakable="true" interior="0" collisions="true" alpha="255" model="8558" doublesided="true" scale="1" dimension="0" posX="3615.729" posY="481.70355" posZ="13.05969" rotX="0" rotY="0" rotZ="68.5"></object>
    <object id="object (vgshseing28) (1)" breakable="true" interior="0" collisions="true" alpha="255" model="8558" doublesided="true" scale="1" dimension="0" posX="3600.9053" posY="444.13431" posZ="13.05969" rotX="0" rotY="0" rotZ="68.5"></object>
    <object id="object (vgshseing28) (1)" breakable="true" interior="0" collisions="true" alpha="255" model="8558" doublesided="true" scale="1" dimension="0" posX="3555.3379" posY="412.01514" posZ="13.05969" rotX="0" rotY="0" rotZ="0"></object>
    <spawnpoint id="spawnpoint (Cheetah) (1)" vehicle="415" alpha="255" interior="0" posX="3569.6001" posY="537.20001" posZ="15.4" rotX="0" rotY="0" rotZ="270"></spawnpoint>
    <object id="object (vgshseing28) (1)" breakable="true" interior="0" collisions="true" alpha="255" model="8558" doublesided="true" scale="1" dimension="0" posX="3569.345" posY="411.98642" posZ="13.05969" rotX="0" rotY="0" rotZ="0"></object>
    <object id="object (vgshseing28) (1)" breakable="true" interior="0" collisions="true" alpha="255" model="8558" doublesided="true" scale="1" dimension="0" posX="3594.6008" posY="429.13904" posZ="13.05969" rotX="0" rotY="0" rotZ="68.5"></object>
    <object id="object (vgshseing28) (1)" breakable="true" interior="0" collisions="true" alpha="255" model="8558" doublesided="true" scale="1" dimension="0" posX="3407.5283" posY="520.16797" posZ="13.05969" rotX="0" rotY="0" rotZ="270"></object>
    <object id="object (vgshseing28) (1)" breakable="true" interior="0" collisions="true" alpha="255" model="8558" doublesided="true" scale="1" dimension="0" posX="3402.2832" posY="520.0921" posZ="15.49243" rotX="310" rotY="0" rotZ="270"></object>
    <object id="object (vgshseing28) (1)" breakable="true" interior="0" collisions="true" alpha="255" model="8558" doublesided="true" scale="1" dimension="0" posX="3515.636" posY="633.24445" posZ="15.49243" rotX="309.996" rotY="0" rotZ="180"></object>
    <object id="object (vgshseing28) (1)" breakable="true" interior="0" collisions="true" alpha="255" model="8558" doublesided="true" scale="1" dimension="0" posX="3628.1211" posY="519.58899" posZ="15.49243" rotX="309.996" rotY="0" rotZ="90"></object>
    <object id="object (vgshseing28) (1)" breakable="true" interior="0" collisions="true" alpha="255" model="8558" doublesided="true" scale="1" dimension="0" posX="3514.9524" posY="406.78589" posZ="15.56449" rotX="309.996" rotY="0" rotZ="0"></object>
    <spawnpoint id="spawnpoint (Cheetah) (1)" vehicle="415" alpha="255" interior="0" posX="3499.3999" posY="627.90002" posZ="15.4" rotX="0" rotY="0" rotZ="178"></spawnpoint>
    <spawnpoint id="spawnpoint (Cheetah) (1)" vehicle="415" alpha="255" interior="0" posX="3622.8" posY="536.29999" posZ="15.3" rotX="0" rotY="0" rotZ="90"></spawnpoint>
    <object id="object (vgshseing28) (1)" breakable="true" interior="0" collisions="true" alpha="255" model="8558" doublesided="true" scale="1" dimension="0" posX="3514.9497" posY="404.04065" posZ="20.33687" rotX="290" rotY="0" rotZ="0"></object>
    <spawnpoint id="spawnpoint (Cheetah) (1)" vehicle="415" alpha="255" interior="0" posX="3622.7" posY="503.20001" posZ="15.3" rotX="0" rotY="0" rotZ="90"></spawnpoint>
    <object id="object (vgshseing28) (1)" breakable="true" interior="0" collisions="true" alpha="255" model="8558" doublesided="true" scale="1" dimension="0" posX="3399.5269" posY="520.1012" posZ="20.30787" rotX="289.995" rotY="0" rotZ="270"></object>
    <object id="object (vgshseing28) (1)" breakable="true" interior="0" collisions="true" alpha="255" model="8558" doublesided="true" scale="1" dimension="0" posX="3515.6326" posY="636.0249" posZ="20.30787" rotX="289.995" rotY="0" rotZ="180"></object>
    <object id="object (vgshseing28) (1)" breakable="true" interior="0" collisions="true" alpha="255" model="8558" doublesided="true" scale="1" dimension="0" posX="3630.8914" posY="519.58142" posZ="20.30787" rotX="289.995" rotY="0" rotZ="90"></object>
    <spawnpoint id="spawnpoint (Cheetah) (1)" vehicle="415" alpha="255" interior="0" posX="3408.3999" posY="503.20001" posZ="15.4" rotX="0" rotY="0" rotZ="271.99"></spawnpoint>
    <object id="object (vgshseing28) (1)" breakable="true" interior="0" collisions="true" alpha="255" model="8558" doublesided="true" scale="1" dimension="0" posX="3514.9631" posY="402.71893" posZ="25.43647" rotX="279" rotY="0" rotZ="0"></object>
    <spawnpoint id="spawnpoint (Cheetah) (1)" vehicle="415" alpha="255" interior="0" posX="3408.1001" posY="510.39999" posZ="15.4" rotX="0" rotY="0" rotZ="271.989"></spawnpoint>
    <spawnpoint id="spawnpoint (Cheetah) (1)" vehicle="415" alpha="255" interior="0" posX="3408.2" posY="519.20001" posZ="15.4" rotX="0" rotY="0" rotZ="271.989"></spawnpoint>
    <spawnpoint id="spawnpoint (Cheetah) (1)" vehicle="415" alpha="255" interior="0" posX="3408.2" posY="526.20001" posZ="15.4" rotX="0" rotY="0" rotZ="271.989"></spawnpoint>
    <spawnpoint id="spawnpoint (Cheetah) (1)" vehicle="415" alpha="255" interior="0" posX="3408" posY="533.70001" posZ="15.4" rotX="0" rotY="0" rotZ="271.989"></spawnpoint>
    <spawnpoint id="spawnpoint (Cheetah) (1)" vehicle="415" alpha="255" interior="0" posX="3409.3999" posY="544.09998" posZ="15.4" rotX="0" rotY="0" rotZ="337.989"></spawnpoint>
    <object id="object (vgshseing28) (1)" breakable="true" interior="0" collisions="true" alpha="255" model="8558" doublesided="true" scale="1" dimension="0" posX="3398.1997" posY="520.11426" posZ="25.43647" rotX="278.998" rotY="0" rotZ="270"></object>
    <object id="object (vgshseing28) (1)" breakable="true" interior="0" collisions="true" alpha="255" model="8558" doublesided="true" scale="1" dimension="0" posX="3515.6184" posY="637.36633" posZ="25.43647" rotX="278.998" rotY="0" rotZ="180"></object>
    <object id="object (vgshseing28) (1)" breakable="true" interior="0" collisions="true" alpha="255" model="8558" doublesided="true" scale="1" dimension="0" posX="3632.23" posY="519.57849" posZ="25.43647" rotX="278.998" rotY="0" rotZ="90"></object>
    <spawnpoint id="spawnpoint (Cheetah) (1)" vehicle="415" alpha="255" interior="0" posX="3507.2" posY="627.79999" posZ="15.4" rotX="0" rotY="0" rotZ="178"></spawnpoint>
    <spawnpoint id="spawnpoint (Cheetah) (1)" vehicle="415" alpha="255" interior="0" posX="3514.5" posY="627.70001" posZ="15.4" rotX="0" rotY="0" rotZ="177.995"></spawnpoint>
    <spawnpoint id="spawnpoint (Cheetah) (1)" vehicle="415" alpha="255" interior="0" posX="3521" posY="627.70001" posZ="15.4" rotX="0" rotY="0" rotZ="177.995"></spawnpoint>
    <spawnpoint id="spawnpoint (Cheetah) (1)" vehicle="415" alpha="255" interior="0" posX="3527.3" posY="627.59998" posZ="15.4" rotX="0" rotY="0" rotZ="177.995"></spawnpoint>
    <spawnpoint id="spawnpoint (Cheetah) (1)" vehicle="415" alpha="255" interior="0" posX="3533.8999" posY="627.70001" posZ="15.4" rotX="0" rotY="0" rotZ="177.995"></spawnpoint>
    <spawnpoint id="spawnpoint (Cheetah) (1)" vehicle="415" alpha="255" interior="0" posX="3532.1001" posY="412.79999" posZ="15.4" rotX="0" rotY="0" rotZ="359.25"></spawnpoint>
    <spawnpoint id="spawnpoint (Cheetah) (1)" vehicle="415" alpha="255" interior="0" posX="3523.8" posY="413.39999" posZ="15.4" rotX="0" rotY="0" rotZ="359.25"></spawnpoint>
    <spawnpoint id="spawnpoint (Cheetah) (1)" vehicle="415" alpha="255" interior="0" posX="3516.5" posY="413.20001" posZ="15.4" rotX="0" rotY="0" rotZ="359.247"></spawnpoint>
    <spawnpoint id="spawnpoint (Cheetah) (1)" vehicle="415" alpha="255" interior="0" posX="3507.5" posY="412.79999" posZ="15.4" rotX="0" rotY="0" rotZ="359.247"></spawnpoint>
    <spawnpoint id="spawnpoint (Cheetah) (1)" vehicle="415" alpha="255" interior="0" posX="3498" posY="412.5" posZ="15.4" rotX="0" rotY="0" rotZ="359.247"></spawnpoint>
    <object id="object (vgshseing28) (1)" breakable="true" interior="0" collisions="true" alpha="255" model="8558" doublesided="true" scale="1" dimension="0" posX="3632.196" posY="519.58295" posZ="30.93966" rotX="260" rotY="0" rotZ="90"></object>
    <object id="object (vgshseing28) (1)" breakable="true" interior="0" collisions="true" alpha="255" model="8558" doublesided="true" scale="1" dimension="0" posX="3514.967" posY="402.76437" posZ="30.93966" rotX="259.997" rotY="0" rotZ="0"></object>
    <object id="object (vgshseing28) (1)" breakable="true" interior="0" collisions="true" alpha="255" model="8558" doublesided="true" scale="1" dimension="0" posX="3398.2268" posY="520.10266" posZ="30.93966" rotX="259.991" rotY="0" rotZ="270"></object>
    <object id="object (vgshseing28) (1)" breakable="true" interior="0" collisions="true" alpha="255" model="8558" doublesided="true" scale="1" dimension="0" posX="3515.6187" posY="637.31482" posZ="30.93966" rotX="259.986" rotY="0" rotZ="180"></object>
    <object id="object (ballypllr01_lvs) (1)" breakable="true" interior="0" collisions="true" alpha="255" model="3437" doublesided="false" scale="1" dimension="0" posX="3501.9141" posY="500.07715" posZ="18.06084" rotX="0" rotY="0" rotZ="177.424"></object>
    <object id="object (ballypllr01_lvs) (1)" breakable="true" interior="0" collisions="true" alpha="255" model="3437" doublesided="false" scale="1" dimension="0" posX="3527.9639" posY="499.8252" posZ="18.06084" rotX="0" rotY="0" rotZ="177.424"></object>
    <object id="object (ballypllr01_lvs) (1)" breakable="true" interior="0" collisions="true" alpha="255" model="3437" doublesided="false" scale="1" dimension="0" posX="3510.9351" posY="540.14709" posZ="19.50206" rotX="0" rotY="0" rotZ="177.424"></object>
    <object id="object (ballypllr01_lvs) (1)" breakable="true" interior="0" collisions="true" alpha="255" model="3437" doublesided="false" scale="1" dimension="0" posX="3528.395" posY="539.78442" posZ="18.06084" rotX="0" rotY="0" rotZ="177.424"></object>
    <object id="object (venefountain02) (1)" breakable="true" interior="0" alpha="255" model="6965" doublesided="false" scale="0.5" dimension="0" posX="3515.8267" posY="519.47345" posZ="16.448" rotX="0" rotY="0" rotZ="0"></object>
    <spawnpoint id="spawnpoint (Cheetah) (1)" vehicle="415" alpha="255" interior="0" posX="3622.6001" posY="511.5" posZ="15.3" rotX="0" rotY="0" rotZ="89.995"></spawnpoint>
    <spawnpoint id="spawnpoint (Cheetah) (1)" vehicle="415" alpha="255" interior="0" posX="3622.7" posY="520.70001" posZ="15.3" rotX="0" rotY="0" rotZ="89.995"></spawnpoint>
    <spawnpoint id="spawnpoint (Cheetah) (1)" vehicle="415" alpha="255" interior="0" posX="3622.8" posY="529.20001" posZ="15.3" rotX="0" rotY="0" rotZ="89.995"></spawnpoint>
    <object id="object (vgshseing28) (1)" breakable="true" interior="0" collisions="true" alpha="255" model="8558" doublesided="true" scale="1" dimension="0" posX="3515.3999" posY="432.39999" posZ="13.1" rotX="0" rotY="0" rotZ="270"></object>
    <object id="object (landjump2) (2)" breakable="true" interior="0" collisions="true" alpha="255" model="1634" doublesided="false" scale="1" dimension="0" posX="3466.3999" posY="521.20001" posZ="15.8" rotX="0" rotY="0" rotZ="89"></object>
    <object id="object (nto_b_tw) (1)" breakable="true" interior="0" alpha="255" model="1010" doublesided="false" scale="1" dimension="0" posX="3566.3999" posY="489.39999" posZ="-183.8" rotX="0" rotY="0" rotZ="0"></object>
    <racepickup id="racepickup (NRG-500) (3)" type="nitro" vehicle="522" respawn="0" alpha="255" interior="0" posX="3451.8" posY="521" posZ="18.8" rotX="0" rotY="0" rotZ="33.3"></racepickup>
    <object id="object (vgshseing28) (1)" breakable="true" interior="0" collisions="true" alpha="255" model="8558" doublesided="true" scale="1" dimension="0" posX="3514.8281" posY="488.86719" posZ="13.05969" rotX="0" rotY="0" rotZ="270"></object>
    <object id="object (vgshseing28) (1)" breakable="true" interior="0" collisions="true" alpha="255" model="8558" doublesided="true" scale="1" dimension="0" posX="3498.2578" posY="560.00488" posZ="13.05969" rotX="0" rotY="0" rotZ="270"></object>
    <object id="object (vgshseing28) (1)" breakable="true" interior="0" collisions="true" alpha="255" model="8558" doublesided="true" scale="1" dimension="0" posX="3498.2578" posY="560.00488" posZ="13.05969" rotX="0" rotY="0" rotZ="270"></object>
    <object id="object (vgshseing28) (1)" breakable="true" interior="0" collisions="true" alpha="255" model="8558" doublesided="true" scale="1" dimension="0" posX="3514.8955" posY="556.95032" posZ="13.05969" rotX="0" rotY="0" rotZ="270"></object>
    <object id="object (landjump2) (2)" breakable="true" interior="0" collisions="true" alpha="255" model="1634" doublesided="false" scale="1" dimension="0" posX="3514.7695" posY="468.12402" posZ="15.88547" rotX="0" rotY="0" rotZ="180"></object>
    <object id="object (landjump2) (2)" breakable="true" interior="0" collisions="true" alpha="255" model="1634" doublesided="false" scale="1" dimension="0" posX="3515.4004" posY="452.5" posZ="15.9" rotX="0" rotY="0" rotZ="0"></object>
    <object id="object (vgshseing28) (1)" breakable="true" interior="0" collisions="true" alpha="255" model="8558" doublesided="true" scale="1" dimension="0" posX="3482.8" posY="521" posZ="13" rotX="0" rotY="0" rotZ="0"></object>
    <object id="object (vgshseing28) (1)" breakable="true" interior="0" collisions="true" alpha="255" model="8558" doublesided="true" scale="1" dimension="0" posX="3552.0347" posY="517.79785" posZ="13.05969" rotX="0" rotY="0" rotZ="0"></object>
    <object id="object (vgshseing28) (1)" breakable="true" interior="0" collisions="true" alpha="255" model="8558" doublesided="true" scale="1" dimension="0" posX="3602.4888" posY="517.51056" posZ="13.05969" rotX="0" rotY="0" rotZ="0"></object>
    <object id="object (vgshseing28) (1)" breakable="true" interior="0" collisions="true" alpha="255" model="8558" doublesided="true" scale="1" dimension="0" posX="3515.0173" posY="609.55865" posZ="13.05969" rotX="0" rotY="0" rotZ="270"></object>
    <object id="object (vgshseing28) (1)" breakable="true" interior="0" collisions="true" alpha="255" model="8558" doublesided="true" scale="1" dimension="0" posX="3430.8999" posY="521" posZ="13" rotX="0" rotY="0" rotZ="0"></object>
    <object id="object (landjump2) (2)" breakable="true" interior="0" collisions="true" alpha="255" model="1634" doublesided="false" scale="1" dimension="0" posX="3515.1777" posY="593.25763" posZ="15.88547" rotX="0" rotY="0" rotZ="177.995"></object>
    <racepickup id="racepickup (NRG-500) (3)" type="nitro" vehicle="522" respawn="0" alpha="255" interior="0" posX="3514.6172" posY="465.19824" posZ="19.13934" rotX="0" rotY="0" rotZ="316.98"></racepickup>
    <racepickup id="racepickup (NRG-500) (3)" type="nitro" vehicle="522" respawn="0" alpha="255" interior="0" posX="3514.6172" posY="465.19824" posZ="19.13934" rotX="0" rotY="0" rotZ="264.06"></racepickup>
    <object id="object (landjump2) (2)" breakable="true" interior="0" collisions="true" alpha="255" model="1634" doublesided="false" scale="1" dimension="0" posX="3514.9492" posY="574.48145" posZ="15.88547" rotX="0" rotY="0" rotZ="357.995"></object>
    <racepickup id="racepickup (NRG-500) (3)" type="nitro" vehicle="522" respawn="0" alpha="255" interior="0" posX="3515.7832" posY="590.59106" posZ="19.73954" rotX="0" rotY="0" rotZ="321.12"></racepickup>
    <object id="object (landjump2) (2)" breakable="true" interior="0" collisions="true" alpha="255" model="1634" doublesided="false" scale="1" dimension="0" posX="3514.7695" posY="468.12402" posZ="15.88547" rotX="0" rotY="0" rotZ="180"></object>
    <object id="object (landjump2) (2)" breakable="true" interior="0" collisions="true" alpha="255" model="1634" doublesided="false" scale="1" dimension="0" posX="3586.3662" posY="518.00916" posZ="15.88547" rotX="0" rotY="0" rotZ="92"></object>
    <object id="object (landjump2) (2)" breakable="true" interior="0" collisions="true" alpha="255" model="1634" doublesided="false" scale="1" dimension="0" posX="3449.8" posY="521" posZ="15.8" rotX="0" rotY="0" rotZ="269.995"></object>
    <racepickup id="racepickup (NRG-500) (3)" type="nitro" vehicle="522" respawn="0" alpha="255" interior="0" posX="3515.3535" posY="577.18359" posZ="19.78807" rotX="0" rotY="0" rotZ="10.98"></racepickup>
    <racepickup id="racepickup (NRG-500) (3)" type="nitro" vehicle="522" respawn="0" alpha="255" interior="0" posX="3570.9001" posY="517.88739" posZ="19.10776" rotX="0" rotY="0" rotZ="120.24"></racepickup>
    <racepickup id="racepickup (NRG-500) (3)" type="nitro" vehicle="522" respawn="0" alpha="255" interior="0" posX="3464.8" posY="520.79999" posZ="18.3" rotX="0" rotY="0" rotZ="346.14"></racepickup>
    <racepickup id="racepickup (NRG-500) (3)" type="nitro" vehicle="522" respawn="0" alpha="255" interior="0" posX="3583.416" posY="517.88452" posZ="19.10776" rotX="0" rotY="0" rotZ="4.68"></racepickup>
    <racepickup id="racepickup (NRG-500) (3)" type="nitro" vehicle="522" respawn="0" alpha="255" interior="0" posX="3469.5" posY="412.10001" posZ="16.1" rotX="0" rotY="0" rotZ="23.4"></racepickup>
    <spawnpoint id="spawnpoint (Cheetah) (1)" vehicle="415" alpha="255" interior="0" posX="3567.6001" posY="502.5" posZ="15.3" rotX="0" rotY="0" rotZ="270"></spawnpoint>
    <spawnpoint id="spawnpoint (Cheetah) (1)" vehicle="415" alpha="255" interior="0" posX="3532" posY="469.29999" posZ="15.4" rotX="0" rotY="0" rotZ="180"></spawnpoint>
    <spawnpoint id="spawnpoint (Cheetah) (1)" vehicle="415" alpha="255" interior="0" posX="3498" posY="470.29999" posZ="15.3" rotX="0" rotY="0" rotZ="180"></spawnpoint>
    <spawnpoint id="spawnpoint (Cheetah) (1)" vehicle="415" alpha="255" interior="0" posX="3474.8" posY="502.79999" posZ="15.4" rotX="0" rotY="0" rotZ="90"></spawnpoint>
    <spawnpoint id="spawnpoint (Cheetah) (1)" vehicle="415" alpha="255" interior="0" posX="3514.8" posY="484.29999" posZ="15.4" rotX="0" rotY="0" rotZ="180"></spawnpoint>
    <spawnpoint id="spawnpoint (Cheetah) (1)" vehicle="415" alpha="255" interior="0" posX="3474.8" posY="537.79999" posZ="15.4" rotX="0" rotY="0" rotZ="90"></spawnpoint>
    <spawnpoint id="spawnpoint (Cheetah) (1)" vehicle="415" alpha="255" interior="0" posX="3498.5" posY="567.79999" posZ="15.3884" rotX="0" rotY="0" rotZ="0"></spawnpoint>
    <object id="object (ballypllr01_lvs) (1)" breakable="true" interior="0" collisions="true" alpha="255" model="3437" doublesided="false" scale="1" dimension="0" posX="3502.1328" posY="540.11133" posZ="18.06084" rotX="0" rotY="0" rotZ="177.424"></object>
    <spawnpoint id="spawnpoint (Cheetah) (1)" vehicle="415" alpha="255" interior="0" posX="3514.8999" posY="564.29999" posZ="15.4" rotX="0" rotY="0" rotZ="0"></spawnpoint>
    <spawnpoint id="spawnpoint (Cheetah) (1)" vehicle="415" alpha="255" interior="0" posX="3532" posY="563.20001" posZ="15.4" rotX="0" rotY="0" rotZ="0"></spawnpoint>
    <object id="object (ballypllr01_lvs) (1)" breakable="true" interior="0" collisions="true" alpha="255" model="3437" doublesided="false" scale="1" dimension="0" posX="3518.7739" posY="539.99872" posZ="19.50206" rotX="0" rotY="0" rotZ="177.424"></object>
    <object id="object (ballypllr01_lvs) (1)" breakable="true" interior="0" collisions="true" alpha="255" model="3437" doublesided="false" scale="1" dimension="0" posX="3518.8352" posY="499.35611" posZ="19.50206" rotX="0" rotY="0" rotZ="177.424"></object>
    <object id="object (ballypllr01_lvs) (1)" breakable="true" interior="0" collisions="true" alpha="255" model="3437" doublesided="false" scale="1" dimension="0" posX="3510.9011" posY="499.42038" posZ="19.50206" rotX="0" rotY="0" rotZ="177.424"></object>
</map>
