<map edf:definitions="editor_main">
    <object id="object (ballypllr01_lvs) (1)" breakable="true" interior="0" collisions="true" alpha="255" model="3437" doublesided="true" scale="1" dimension="0" posX="3456.9233" posY="467.97653" posZ="7.95333" rotX="0" rotY="0" rotZ="181.427"></object>
    <object id="object (hothol02_law01) (1)" breakable="true" interior="0" collisions="true" alpha="255" model="5738" doublesided="false" scale="1" dimension="0" posX="3376.3" posY="426.89999" posZ="11.2" rotX="0" rotY="0" rotZ="88"></object>
    <object id="object (transmitter_sfs) (1)" breakable="true" interior="0" collisions="true" alpha="255" model="10357" doublesided="true" scale="1" dimension="0" posX="3536.1001" posY="470.29999" posZ="89.2" rotX="0" rotY="0" rotZ="0"></object>
    <object id="object (vgElkup) (1)" breakable="true" interior="0" collisions="true" alpha="255" model="8947" doublesided="true" scale="1" dimension="0" posX="3466.8" posY="432" posZ="0" rotX="0" rotY="0" rotZ="0"></object>
    <object id="object (vgElkup) (2)" breakable="true" interior="0" collisions="true" alpha="255" model="8947" doublesided="true" scale="1" dimension="0" posX="3596.553" posY="431.68228" posZ="0" rotX="0" rotY="0" rotZ="0"></object>
    <object id="object (vgshseing28) (1)" breakable="true" interior="0" collisions="true" alpha="255" model="8558" doublesided="true" scale="1" dimension="0" posX="3494.1001" posY="441.39999" posZ="1.5" rotX="0" rotY="0" rotZ="0"></object>
    <object id="object (vgshseing28) (1)" breakable="true" interior="0" collisions="true" alpha="255" model="8558" doublesided="true" scale="1" dimension="0" posX="3534.3999" posY="441.39999" posZ="1.5" rotX="0" rotY="0" rotZ="0"></object>
    <object id="object (vgshseing28) (1)" breakable="true" interior="0" collisions="true" alpha="255" model="8558" doublesided="true" scale="1" dimension="0" posX="3574.8" posY="441.39999" posZ="1.5" rotX="0" rotY="0" rotZ="0"></object>
    <object id="object (vgshseing28) (1)" breakable="true" interior="0" collisions="true" alpha="255" model="8558" doublesided="true" scale="1" dimension="0" posX="3495.1492" posY="421.93692" posZ="1.51906" rotX="0" rotY="0" rotZ="0"></object>
    <object id="object (vgshseing28) (1)" breakable="true" interior="0" collisions="true" alpha="255" model="8558" doublesided="true" scale="1" dimension="0" posX="3535.4683" posY="421.92303" posZ="1.51906" rotX="0" rotY="0" rotZ="0"></object>
    <object id="object (vgshseing28) (1)" breakable="true" interior="0" collisions="true" alpha="255" model="8558" doublesided="true" scale="1" dimension="0" posX="3575.7861" posY="421.92871" posZ="1.51906" rotX="0" rotY="0" rotZ="0"></object>
    <object id="object (vgElkup) (3)" breakable="true" interior="0" collisions="true" alpha="255" model="8947" doublesided="true" scale="1" dimension="0" posX="3611.2927" posY="431.65656" posZ="0" rotX="0" rotY="0" rotZ="0"></object>
    <object id="object (vgElkup) (4)" breakable="true" interior="0" collisions="true" alpha="255" model="8947" doublesided="true" scale="1" dimension="0" posX="3611.3257" posY="413.31689" posZ="0" rotX="0" rotY="0" rotZ="0"></object>
    <object id="object (vgElkup) (5)" breakable="true" interior="0" collisions="true" alpha="255" model="8947" doublesided="true" scale="1" dimension="0" posX="3611.293" posY="455.88477" posZ="0" rotX="0" rotY="0" rotZ="0"></object>
    <object id="object (vgElkup) (6)" breakable="true" interior="0" collisions="true" alpha="255" model="8947" doublesided="true" scale="1" dimension="0" posX="3596.5818" posY="455.8959" posZ="0" rotX="0" rotY="0" rotZ="0"></object>
    <object id="object (vgElkup) (7)" breakable="true" interior="0" collisions="true" alpha="255" model="8947" doublesided="true" scale="1" dimension="0" posX="3596.6191" posY="413.33292" posZ="0" rotX="0" rotY="0" rotZ="0"></object>
    <object id="object (vgElkup) (8)" breakable="true" interior="0" collisions="true" alpha="255" model="8947" doublesided="false" scale="1" dimension="0" posX="3452.3" posY="432" posZ="0" rotX="0" rotY="0" rotZ="0"></object>
    <object id="object (vgElkup) (9)" breakable="true" interior="0" collisions="true" alpha="255" model="8947" doublesided="true" scale="1" dimension="0" posX="3467" posY="456.5" posZ="0" rotX="0" rotY="0" rotZ="0"></object>
    <object id="object (vgElkup) (10)" breakable="true" interior="0" collisions="true" alpha="255" model="8947" doublesided="true" scale="1" dimension="0" posX="3452.3999" posY="456.5" posZ="0" rotX="0" rotY="0" rotZ="0"></object>
    <object id="object (vgElkup) (11)" breakable="true" interior="0" collisions="true" alpha="255" model="8947" doublesided="true" scale="1" dimension="0" posX="3467.6218" posY="413.33838" posZ="0" rotX="0" rotY="0" rotZ="0"></object>
    <object id="object (vgElkup) (12)" breakable="true" interior="0" collisions="true" alpha="255" model="8947" doublesided="true" scale="1" dimension="0" posX="3452.93872" posY="413.34277" posZ="0" rotX="0" rotY="0" rotZ="0"></object>
    <object id="object (vgshseing28) (1)" breakable="true" interior="0" collisions="true" alpha="255" model="8558" doublesided="true" scale="1" dimension="0" posX="3460.4976" posY="387.22708" posZ="1.51906" rotX="0" rotY="0" rotZ="310"></object>
    <object id="object (vgshseing28) (1)" breakable="true" interior="0" collisions="true" alpha="255" model="8558" doublesided="true" scale="1" dimension="0" posX="3486.4233" posY="356.24725" posZ="1.51906" rotX="0" rotY="0" rotZ="309.996"></object>
    <object id="object (vgshseing28) (1)" breakable="true" interior="0" collisions="true" alpha="255" model="8558" doublesided="true" scale="1" dimension="0" posX="3517.6069" posY="341.4498" posZ="1.51906" rotX="0" rotY="0" rotZ="0"></object>
    <object id="object (vgshseing28) (1)" breakable="true" interior="0" collisions="true" alpha="255" model="8558" doublesided="true" scale="1" dimension="0" posX="3548.9402" posY="341.37903" posZ="1.51906" rotX="0" rotY="0" rotZ="0"></object>
    <object id="object (vgshseing28) (1)" breakable="true" interior="0" collisions="true" alpha="255" model="8558" doublesided="true" scale="1" dimension="0" posX="3580.1292" posY="355.91214" posZ="1.51906" rotX="0" rotY="0" rotZ="229.993"></object>
    <object id="object (vgshseing28) (1)" breakable="true" interior="0" collisions="true" alpha="255" model="8558" doublesided="true" scale="1" dimension="0" posX="3604.7" posY="387.20001" posZ="1.5" rotX="0" rotY="0" rotZ="233.738"></object>
    <object id="object (vgshseing28) (1)" breakable="true" interior="0" collisions="true" alpha="255" model="8558" doublesided="true" scale="1" dimension="0" posX="3602.7356" posY="480.93643" posZ="1.51906" rotX="0" rotY="0" rotZ="133.988"></object>
    <object id="object (vgshseing28) (1)" breakable="true" interior="0" collisions="true" alpha="255" model="8558" doublesided="true" scale="1" dimension="0" posX="3574.7415" posY="509.9819" posZ="1.51906" rotX="0" rotY="0" rotZ="133.984"></object>
    <object id="object (vgshseing28) (1)" breakable="true" interior="0" collisions="true" alpha="255" model="8558" doublesided="true" scale="1" dimension="0" posX="3542.3411" posY="523.78326" posZ="1.51906" rotX="0" rotY="0" rotZ="0"></object>
    <object id="object (vgshseing28) (1)" breakable="true" interior="0" collisions="true" alpha="255" model="8558" doublesided="true" scale="1" dimension="0" posX="3507.2615" posY="523.91766" posZ="1.51906" rotX="0" rotY="0" rotZ="0"></object>
    <object id="object (vgshseing28) (1)" breakable="true" interior="0" collisions="true" alpha="255" model="8558" doublesided="true" scale="1" dimension="0" posX="3477.2156" posY="508.60754" posZ="1.51906" rotX="0" rotY="0" rotZ="53.996"></object>
    <object id="object (vgshseing28) (1)" breakable="true" interior="0" collisions="true" alpha="255" model="8558" doublesided="true" scale="1" dimension="0" posX="3459.0273" posY="483.59961" posZ="1.51906" rotX="0" rotY="0" rotZ="53.987"></object>
    <object id="object (grasshouse) (3)" breakable="true" interior="0" collisions="true" alpha="255" model="3261" doublesided="true" scale="1" dimension="0" posX="3463.7725" posY="490.31699" posZ="2.91242" rotX="0" rotY="0" rotZ="321.998"></object>
    <object id="object (grasshouse) (4)" breakable="true" interior="0" collisions="true" alpha="255" model="3261" doublesided="true" scale="1" dimension="0" posX="3588.3352" posY="495.82339" posZ="2.91242" rotX="0" rotY="0" rotZ="43.498"></object>
    <object id="object (grasshouse) (5)" breakable="true" interior="0" collisions="true" alpha="255" model="3261" doublesided="true" scale="1" dimension="0" posX="3590.4573" posY="493.59204" posZ="2.91242" rotX="0" rotY="0" rotZ="43.495"></object>
    <object id="object (grasshouse) (6)" breakable="true" interior="0" collisions="true" alpha="255" model="3261" doublesided="true" scale="1" dimension="0" posX="3592.5754" posY="491.38052" posZ="2.91242" rotX="0" rotY="0" rotZ="43.495"></object>
    <object id="object (grasshouse) (7)" breakable="true" interior="0" collisions="true" alpha="255" model="3261" doublesided="true" scale="1" dimension="0" posX="3596.3999" posY="375.70001" posZ="2.9" rotX="0" rotY="0" rotZ="143.493"></object>
    <object id="object (grasshouse) (8)" breakable="true" interior="0" collisions="true" alpha="255" model="3261" doublesided="true" scale="1" dimension="0" posX="3594.6001" posY="373.29999" posZ="2.9" rotX="0" rotY="0" rotZ="139.493"></object>
    <object id="object (grasshouse) (9)" breakable="true" interior="0" collisions="true" alpha="255" model="3261" doublesided="true" scale="1" dimension="0" posX="3592.7041" posY="370.98047" posZ="2.91242" rotX="0" rotY="0" rotZ="141.493"></object>
    <object id="object (grasshouse) (10)" breakable="true" interior="0" collisions="true" alpha="255" model="3261" doublesided="true" scale="1" dimension="0" posX="3475.1533" posY="369.58344" posZ="2.91242" rotX="0" rotY="0" rotZ="39.493"></object>
    <object id="object (grasshouse) (11)" breakable="true" interior="0" collisions="true" alpha="255" model="3261" doublesided="true" scale="1" dimension="0" posX="3477.0881" posY="367.21481" posZ="2.91242" rotX="0" rotY="0" rotZ="39.49"></object>
    <object id="object (grasshouse) (12)" breakable="true" interior="0" collisions="true" alpha="255" model="3261" doublesided="true" scale="1" dimension="0" posX="3479.0344" posY="364.87878" posZ="2.91242" rotX="0" rotY="0" rotZ="39.49"></object>
    <object id="object (grasshouse) (15)" breakable="true" interior="0" collisions="true" alpha="255" model="3261" doublesided="true" scale="1" dimension="0" posX="3465.6321" posY="492.72543" posZ="2.91242" rotX="0" rotY="0" rotZ="321.998"></object>
    <object id="object (grasshouse) (16)" breakable="true" interior="0" collisions="true" alpha="255" model="3261" doublesided="true" scale="1" dimension="0" posX="3467.4319" posY="495.14035" posZ="2.91242" rotX="0" rotY="0" rotZ="321.998"></object>
    <object id="object (ballypllr01_lvs) (1)" breakable="true" interior="0" collisions="true" alpha="255" model="3437" doublesided="true" scale="1" dimension="0" posX="3467.6631" posY="467.91467" posZ="7.95333" rotX="0" rotY="0" rotZ="181.423"></object>
    <object id="object (ballypllr01_lvs) (1)" breakable="true" interior="0" collisions="true" alpha="255" model="3437" doublesided="true" scale="1" dimension="0" posX="3474.7871" posY="450.30933" posZ="7.95333" rotX="0" rotY="0" rotZ="87.423"></object>
    <object id="object (ballypllr01_lvs) (1)" breakable="true" interior="0" collisions="true" alpha="255" model="3437" doublesided="true" scale="1" dimension="0" posX="3475.1335" posY="462.47601" posZ="7.95333" rotX="0" rotY="0" rotZ="87.418"></object>
    <object id="object (ballypllr01_lvs) (1)" breakable="true" interior="0" collisions="true" alpha="255" model="3437" doublesided="true" scale="1" dimension="0" posX="3474.7405" posY="432.29468" posZ="7.95333" rotX="0" rotY="0" rotZ="87.418"></object>
    <object id="object (ballypllr01_lvs) (1)" breakable="true" interior="0" collisions="true" alpha="255" model="3437" doublesided="true" scale="1" dimension="0" posX="3474.5967" posY="416.37613" posZ="7.95333" rotX="0" rotY="0" rotZ="87.418"></object>
    <object id="object (ballypllr01_lvs) (1)" breakable="true" interior="0" collisions="true" alpha="255" model="3437" doublesided="true" scale="1" dimension="0" posX="3474.7102" posY="404.92917" posZ="7.95333" rotX="0" rotY="0" rotZ="87.418"></object>
    <object id="object (ballypllr01_lvs) (1)" breakable="true" interior="0" collisions="true" alpha="255" model="3437" doublesided="true" scale="1" dimension="0" posX="3470.689" posY="401.388" posZ="7.95333" rotX="0" rotY="0" rotZ="357.418"></object>
    <object id="object (ballypllr01_lvs) (1)" breakable="true" interior="0" collisions="true" alpha="255" model="3437" doublesided="true" scale="1" dimension="0" posX="3455.7817" posY="401.45407" posZ="7.95333" rotX="0" rotY="0" rotZ="357.418"></object>
    <object id="object (ballypllr01_lvs) (1)" breakable="true" interior="0" collisions="true" alpha="255" model="3437" doublesided="true" scale="1" dimension="0" posX="3474.9854" posY="450.35318" posZ="7.95333" rotX="0" rotY="0" rotZ="87.418"></object>
    <object id="object (ballypllr01_lvs) (1)" breakable="true" interior="0" collisions="true" alpha="255" model="3437" doublesided="true" scale="1" dimension="0" posX="3589.4673" posY="403.63022" posZ="8.35315" rotX="0" rotY="0" rotZ="89.665"></object>
    <object id="object (ballypllr01_lvs) (1)" breakable="true" interior="0" collisions="true" alpha="255" model="3437" doublesided="true" scale="1" dimension="0" posX="3589.4353" posY="417.66983" posZ="8.35315" rotX="0" rotY="0" rotZ="89.665"></object>
    <object id="object (ballypllr01_lvs) (1)" breakable="true" interior="0" collisions="true" alpha="255" model="3437" doublesided="true" scale="1" dimension="0" posX="3589.3384" posY="446.00525" posZ="8.35315" rotX="0" rotY="0" rotZ="89.665"></object>
    <object id="object (ballypllr01_lvs) (1)" breakable="true" interior="0" collisions="true" alpha="255" model="3437" doublesided="true" scale="1" dimension="0" posX="3589.3384" posY="446.00525" posZ="8.35315" rotX="0" rotY="0" rotZ="89.665"></object>
    <object id="object (vgshseing28) (1)" breakable="true" interior="0" collisions="true" alpha="255" model="8558" doublesided="true" scale="1" dimension="0" posX="3575.2002" posY="432.09961" posZ="7.1" rotX="0" rotY="21.995" rotZ="0"></object>
    <object id="object (vgshseing28) (1)" breakable="true" interior="0" collisions="true" alpha="255" model="8558" doublesided="true" scale="1" dimension="0" posX="3554.6001" posY="433.10001" posZ="14.6" rotX="0" rotY="0" rotZ="270"></object>
    <object id="object (vgshseing28) (1)" breakable="true" interior="0" collisions="true" alpha="255" model="8558" doublesided="true" scale="1" dimension="0" posX="3549.5" posY="433.10001" posZ="14.6" rotX="0" rotY="0" rotZ="270"></object>
    <object id="object (vgshseing28) (1)" breakable="true" interior="0" collisions="true" alpha="255" model="8558" doublesided="true" scale="1" dimension="0" posX="3554.6006" posY="433.09961" posZ="14.6" rotX="0" rotY="0" rotZ="270"></object>
    <object id="object (vgshseing28) (1)" breakable="true" interior="0" collisions="true" alpha="255" model="8558" doublesided="true" scale="1" dimension="0" posX="3554.6006" posY="473.5" posZ="14.6" rotX="0" rotY="0" rotZ="270"></object>
    <object id="object (vgshseing28) (1)" breakable="true" interior="0" collisions="true" alpha="255" model="8558" doublesided="true" scale="1" dimension="0" posX="3549.5" posY="473.5" posZ="14.6" rotX="0" rotY="0" rotZ="270"></object>
    <object id="object (vgshseing28) (1)" breakable="true" interior="0" collisions="true" alpha="255" model="8558" doublesided="true" scale="1" dimension="0" posX="3549.5" posY="392.70001" posZ="14.6" rotX="0" rotY="0" rotZ="270"></object>
    <object id="object (vgshseing28) (1)" breakable="true" interior="0" collisions="true" alpha="255" model="8558" doublesided="true" scale="1" dimension="0" posX="3554.6006" posY="392.7002" posZ="14.6" rotX="0" rotY="0" rotZ="270"></object>
    <object id="object (vgshseing28) (1)" breakable="true" interior="0" collisions="true" alpha="255" model="8558" doublesided="true" scale="1" dimension="0" posX="3537" posY="370" posZ="14.6" rotX="0" rotY="0" rotZ="180"></object>
    <object id="object (vgshseing28) (1)" breakable="true" interior="0" collisions="true" alpha="255" model="8558" doublesided="true" scale="1" dimension="0" posX="3525.2" posY="350.79999" posZ="4.9" rotX="0" rotY="330.25" rotZ="90.75"></object>
    <object id="object (vgshseing28) (1)" breakable="true" interior="0" collisions="true" alpha="255" model="8558" doublesided="true" scale="1" dimension="0" posX="3497" posY="370" posZ="14.6" rotX="0" rotY="0" rotZ="180"></object>
    <object id="object (vgshseing28) (1)" breakable="true" interior="0" collisions="true" alpha="255" model="8558" doublesided="true" scale="1" dimension="0" posX="3526.8" posY="490.89999" posZ="14.6" rotX="0" rotY="0" rotZ="179.995"></object>
    <object id="object (vgshseing28) (1)" breakable="true" interior="0" collisions="true" alpha="255" model="8558" doublesided="true" scale="1" dimension="0" posX="3486.3999" posY="490.89999" posZ="14.6" rotX="0" rotY="0" rotZ="179.995"></object>
    <object id="object (vgshseing28) (1)" breakable="true" interior="0" collisions="true" alpha="255" model="8558" doublesided="true" scale="1" dimension="0" posX="3474.3" posY="387.60001" posZ="14.6" rotX="0" rotY="0" rotZ="90"></object>
    <object id="object (vgshseing28) (1)" breakable="true" interior="0" collisions="true" alpha="255" model="8558" doublesided="true" scale="1" dimension="0" posX="3469.2002" posY="387.59961" posZ="14.6" rotX="0" rotY="0" rotZ="90"></object>
    <object id="object (vgshseing28) (1)" breakable="true" interior="0" collisions="true" alpha="255" model="8558" doublesided="true" scale="1" dimension="0" posX="3474.3" posY="427.89999" posZ="14.6" rotX="0" rotY="0" rotZ="90"></object>
    <object id="object (vgshseing28) (1)" breakable="true" interior="0" collisions="true" alpha="255" model="8558" doublesided="true" scale="1" dimension="0" posX="3469.2" posY="427.89999" posZ="14.6" rotX="0" rotY="0" rotZ="90"></object>
    <object id="object (vgshseing28) (1)" breakable="true" interior="0" collisions="true" alpha="255" model="8558" doublesided="true" scale="1" dimension="0" posX="3474.3" posY="468.29999" posZ="14.6" rotX="0" rotY="0" rotZ="90"></object>
    <object id="object (vgshseing28) (1)" breakable="true" interior="0" collisions="true" alpha="255" model="8558" doublesided="true" scale="1" dimension="0" posX="3469.2" posY="468.29999" posZ="14.6" rotX="0" rotY="0" rotZ="90"></object>
    <object id="object (vgshseing28) (1)" breakable="true" interior="0" collisions="true" alpha="255" model="8558" doublesided="true" scale="1" dimension="0" posX="3513.3999" posY="404" posZ="14.6" rotX="0" rotY="0" rotZ="180"></object>
    <object id="object (vgshseing28) (1)" breakable="true" interior="0" collisions="true" alpha="255" model="8558" doublesided="true" scale="1" dimension="0" posX="3495.8" posY="426.70001" posZ="14.6" rotX="0" rotY="0" rotZ="89.75"></object>
    <object id="object (vgshseing28) (1)" breakable="true" interior="0" collisions="true" alpha="255" model="8558" doublesided="true" scale="1" dimension="0" posX="3531.1001" posY="426.70001" posZ="14.6" rotX="0" rotY="0" rotZ="89.747"></object>
    <object id="object (vgshseing28) (1)" breakable="true" interior="0" collisions="true" alpha="255" model="8558" doublesided="true" scale="1" dimension="0" posX="3513.6001" posY="449.39999" posZ="14.6" rotX="0" rotY="0" rotZ="180"></object>
    <object id="object (vgshseing28) (1)" breakable="true" interior="0" collisions="true" alpha="255" model="8558" doublesided="true" scale="1" dimension="0" posX="3512.1001" posY="470.5" posZ="14.6" rotX="0" rotY="0" rotZ="90"></object>
    <object id="object (vgshseing28) (1)" breakable="true" interior="0" collisions="true" alpha="255" model="8558" doublesided="true" scale="0.88800001" dimension="0" posX="3510.7" posY="387.39999" posZ="14.6" rotX="0" rotY="0" rotZ="90"></object>
    <object id="object (vgshseing28) (1)" breakable="true" interior="0" collisions="true" alpha="255" model="8558" doublesided="true" scale="1" dimension="0" posX="3464.1348" posY="425.95743" posZ="7.143" rotX="0" rotY="21.995" rotZ="90"></object>
    <object id="object (vgshseing28) (1)" breakable="true" interior="0" collisions="true" alpha="255" model="8558" doublesided="true" scale="1" dimension="0" posX="3464.123" posY="387.60541" posZ="14.6" rotX="0" rotY="0" rotZ="90"></object>
    <object id="object (transmitter_sfs) (1)" breakable="true" interior="0" collisions="true" alpha="255" model="10357" doublesided="true" scale="1" dimension="0" posX="3494.9741" posY="388.15958" posZ="89.24551" rotX="0" rotY="0" rotZ="0"></object>
    <object id="object (vgshseing28) (1)" breakable="true" interior="0" collisions="true" alpha="255" model="8558" doublesided="true" scale="1" dimension="0" posX="3544.8474" posY="351.16739" posZ="14.6" rotX="0" rotY="0" rotZ="240"></object>
    <object id="object (vgshseing28) (1)" breakable="true" interior="0" collisions="true" alpha="255" model="8558" doublesided="true" scale="1" dimension="0" posX="3484.7126" posY="351.63895" posZ="14.6" rotX="0" rotY="0" rotZ="301.996"></object>
    <object id="object (vgshseing28) (1)" breakable="true" interior="0" collisions="true" alpha="255" model="8558" doublesided="true" scale="1" dimension="0" posX="3516.9536" posY="335.03925" posZ="14.6" rotX="0" rotY="0" rotZ="180"></object>
    <object id="object (vgshseing28) (1)" breakable="true" interior="0" collisions="true" alpha="255" model="8558" doublesided="true" scale="1" dimension="0" posX="3513.0708" posY="334.9903" posZ="14.6" rotX="0" rotY="0" rotZ="180"></object>
    <object id="object (vgshseing28) (1)" breakable="true" interior="0" collisions="true" alpha="255" model="8558" doublesided="true" scale="1" dimension="0" posX="3542.231" posY="507.46478" posZ="14.6" rotX="0" rotY="0" rotZ="310"></object>
    <object id="object (vgshseing28) (1)" breakable="true" interior="0" collisions="true" alpha="255" model="8558" doublesided="true" scale="1" dimension="0" posX="3511.2578" posY="522.02521" posZ="14.6" rotX="0" rotY="0" rotZ="180"></object>
    <object id="object (vgshseing28) (1)" breakable="true" interior="0" collisions="true" alpha="255" model="8558" doublesided="true" scale="1" dimension="0" posX="3480.4375" posY="507.89258" posZ="14.6" rotX="0" rotY="0" rotZ="231.996"></object>
    <object id="object (hothol02_law01) (2)" breakable="true" interior="0" collisions="true" alpha="255" model="5738" doublesided="false" scale="1" dimension="0" posX="3378.1001" posY="466.10001" posZ="11.2" rotX="0" rotY="0" rotZ="87.995"></object>
    <object id="object (hothol02_law01) (3)" breakable="true" interior="0" collisions="true" alpha="255" model="5738" doublesided="false" scale="1" dimension="0" posX="3378.1001" posY="466.10001" posZ="40.3" rotX="0" rotY="0" rotZ="87.995"></object>
    <object id="object (hothol02_law01) (4)" breakable="true" interior="0" collisions="true" alpha="255" model="5738" doublesided="false" scale="1" dimension="0" posX="3376.3" posY="427.5" posZ="40.3" rotX="0" rotY="0" rotZ="87.995"></object>
    <spawnpoint id="spawnpoint (Cheetah) (1)" vehicle="415" alpha="255" interior="0" posX="3614.6001" posY="465.20001" posZ="4" rotX="0" rotY="0" rotZ="90"></spawnpoint>
    <spawnpoint id="spawnpoint (Cheetah) (2)" vehicle="415" alpha="255" interior="0" posX="3614.6001" posY="452.5" posZ="4" rotX="0" rotY="0" rotZ="90"></spawnpoint>
    <spawnpoint id="spawnpoint (Cheetah) (3)" vehicle="415" alpha="255" interior="0" posX="3614.8" posY="440.39999" posZ="4" rotX="0" rotY="0" rotZ="90"></spawnpoint>
    <spawnpoint id="spawnpoint (Cheetah) (4)" vehicle="415" alpha="255" interior="0" posX="3615" posY="428.60001" posZ="4" rotX="0" rotY="0" rotZ="90"></spawnpoint>
    <spawnpoint id="spawnpoint (Cheetah) (5)" vehicle="415" alpha="255" interior="0" posX="3615.2" posY="416.29999" posZ="4" rotX="0" rotY="0" rotZ="90"></spawnpoint>
    <spawnpoint id="spawnpoint (Cheetah) (6)" vehicle="415" alpha="255" interior="0" posX="3615.1001" posY="403.79999" posZ="4" rotX="0" rotY="0" rotZ="90"></spawnpoint>
    <spawnpoint id="spawnpoint (Cheetah) (7)" vehicle="415" alpha="255" interior="0" posX="3449.7" posY="404.10001" posZ="4" rotX="0" rotY="0" rotZ="270"></spawnpoint>
    <spawnpoint id="spawnpoint (Cheetah) (8)" vehicle="415" alpha="255" interior="0" posX="3450.1001" posY="413.39999" posZ="4" rotX="0" rotY="0" rotZ="270"></spawnpoint>
    <spawnpoint id="spawnpoint (Cheetah) (9)" vehicle="415" alpha="255" interior="0" posX="3450" posY="422.10001" posZ="4" rotX="0" rotY="0" rotZ="270"></spawnpoint>
    <spawnpoint id="spawnpoint (Cheetah) (10)" vehicle="415" alpha="255" interior="0" posX="3449.8" posY="431.89999" posZ="4" rotX="0" rotY="0" rotZ="270"></spawnpoint>
    <spawnpoint id="spawnpoint (Cheetah) (11)" vehicle="415" alpha="255" interior="0" posX="3449.6001" posY="450" posZ="4" rotX="0" rotY="0" rotZ="270"></spawnpoint>
    <spawnpoint id="spawnpoint (Cheetah) (12)" vehicle="415" alpha="255" interior="0" posX="3449.5" posY="459" posZ="4" rotX="0" rotY="0" rotZ="270"></spawnpoint>
    <spawnpoint id="spawnpoint (Cheetah) (13)" vehicle="415" alpha="255" interior="0" posX="3449.3999" posY="467.70001" posZ="4" rotX="0" rotY="0" rotZ="270"></spawnpoint>
    <spawnpoint id="spawnpoint (Cheetah) (14)" vehicle="415" alpha="255" interior="0" posX="3554.8999" posY="471.29999" posZ="17.1" rotX="0" rotY="0" rotZ="0"></spawnpoint>
    <spawnpoint id="spawnpoint (Cheetah) (15)" vehicle="415" alpha="255" interior="0" posX="3549.3999" posY="460.70001" posZ="17.1" rotX="0" rotY="0" rotZ="0"></spawnpoint>
    <spawnpoint id="spawnpoint (Cheetah) (16)" vehicle="415" alpha="255" interior="0" posX="3554.3999" posY="438.79999" posZ="17.1" rotX="0" rotY="0" rotZ="0"></spawnpoint>
    <spawnpoint id="spawnpoint (Cheetah) (17)" vehicle="415" alpha="255" interior="0" posX="3548.8999" posY="416.10001" posZ="17.1" rotX="0" rotY="0" rotZ="0"></spawnpoint>
    <spawnpoint id="spawnpoint (Cheetah) (18)" vehicle="415" alpha="255" interior="0" posX="3554.7" posY="397.10001" posZ="17.1" rotX="0" rotY="0" rotZ="0"></spawnpoint>
    <spawnpoint id="spawnpoint (Cheetah) (19)" vehicle="415" alpha="255" interior="0" posX="3545.3999" posY="369.79999" posZ="17.1" rotX="0" rotY="0" rotZ="270"></spawnpoint>
    <spawnpoint id="spawnpoint (Cheetah) (20)" vehicle="415" alpha="255" interior="0" posX="3523.5" posY="369.79999" posZ="17.1" rotX="0" rotY="0" rotZ="270"></spawnpoint>
    <spawnpoint id="spawnpoint (Cheetah) (21)" vehicle="415" alpha="255" interior="0" posX="3498.2" posY="370.20001" posZ="17.1" rotX="0" rotY="0" rotZ="270"></spawnpoint>
    <spawnpoint id="spawnpoint (Cheetah) (22)" vehicle="415" alpha="255" interior="0" posX="3465.3" posY="378.70001" posZ="17.1" rotX="0" rotY="0" rotZ="270"></spawnpoint>
    <spawnpoint id="spawnpoint (Cheetah) (23)" vehicle="415" alpha="255" interior="0" posX="3465.2" posY="391.79999" posZ="17.1" rotX="0" rotY="0" rotZ="270"></spawnpoint>
    <spawnpoint id="spawnpoint (Cheetah) (24)" vehicle="415" alpha="255" interior="0" posX="3470.6001" posY="413.10001" posZ="17.1" rotX="0" rotY="0" rotZ="270"></spawnpoint>
    <spawnpoint id="spawnpoint (Cheetah) (25)" vehicle="415" alpha="255" interior="0" posX="3470.2" posY="453.29999" posZ="17.1" rotX="0" rotY="0" rotZ="270"></spawnpoint>
    <spawnpoint id="spawnpoint (Cheetah) (26)" vehicle="415" alpha="255" interior="0" posX="3470.2" posY="462.79999" posZ="17.1" rotX="0" rotY="0" rotZ="270"></spawnpoint>
    <spawnpoint id="spawnpoint (Cheetah) (27)" vehicle="415" alpha="255" interior="0" posX="3469.8999" posY="475" posZ="17.1" rotX="0" rotY="0" rotZ="270"></spawnpoint>
    <spawnpoint id="spawnpoint (Cheetah) (28)" vehicle="415" alpha="255" interior="0" posX="3470.2" posY="485.89999" posZ="17.1" rotX="0" rotY="0" rotZ="270"></spawnpoint>
    <spawnpoint id="spawnpoint (Cheetah) (29)" vehicle="415" alpha="255" interior="0" posX="3484.8" posY="490.70001" posZ="17.1" rotX="0" rotY="0" rotZ="270"></spawnpoint>
    <spawnpoint id="spawnpoint (Cheetah) (30)" vehicle="415" alpha="255" interior="0" posX="3523.6001" posY="490.60001" posZ="17.1" rotX="0" rotY="0" rotZ="270"></spawnpoint>
    <spawnpoint id="spawnpoint (Cheetah) (31)" vehicle="415" alpha="255" interior="0" posX="3522.8999" posY="521.79999" posZ="17.1" rotX="359.997" rotY="0" rotZ="270"></spawnpoint>
    <spawnpoint id="spawnpoint (Cheetah) (32)" vehicle="415" alpha="255" interior="0" posX="3501.3999" posY="521.70001" posZ="17.1" rotX="359.995" rotY="0" rotZ="270"></spawnpoint>
    <object id="object (SWANK_SPEAKER) (1)" breakable="true" interior="0" alpha="255" model="2229" doublesided="false" scale="1" dimension="0" posX="3445.2" posY="436.89999" posZ="3.1" rotX="0" rotY="0" rotZ="88"></object>
</map>
