<?xml version="1.0" encoding="utf-16"?>
<map mod="deathmatch">
    <object id="object (vgshseing28) (1)" breakable="true" interior="0" collisions="true" alpha="255" model="8558" doublesided="false" scale="1" dimension="0" posX="4907.1006" posY="-2042.5" posZ="0.001" rotX="0" rotY="0" rotZ="0"></object>
    <object id="object (vgshseing28) (2)" breakable="true" interior="0" collisions="true" alpha="255" model="8558" doublesided="false" scale="1" dimension="0" posX="4866.7998" posY="-2042.5" posZ="0.03" rotX="0" rotY="0" rotZ="0"></object>
    <object id="object (vgshseing28) (3)" breakable="true" interior="0" collisions="true" alpha="255" model="8558" doublesided="false" scale="1" dimension="0" posX="4826.5" posY="-2042.48" posZ="0.013" rotX="0" rotY="0" rotZ="0"></object>
    <object id="object (vgshseing28) (4)" breakable="true" interior="0" collisions="true" alpha="255" model="8558" doublesided="false" scale="1" dimension="0" posX="4786.2998" posY="-2042.5996" posZ="0.01" rotX="0" rotY="0" rotZ="0"></object>
    <object id="object (vgshseing28) (5)" breakable="true" interior="0" collisions="true" alpha="255" model="8558" doublesided="false" scale="1" dimension="0" posX="4763.9004" posY="-2025" posZ="0.02" rotX="0" rotY="0" rotZ="270"></object>
    <object id="object (vgshseing28) (6)" breakable="true" interior="0" collisions="true" alpha="255" model="8558" doublesided="false" scale="1" dimension="0" posX="4763.9004" posY="-1984.7998" posZ="0.03" rotX="0" rotY="0" rotZ="270"></object>
    <object id="object (vgshseing28) (10)" breakable="true" interior="0" collisions="true" alpha="255" model="8558" doublesided="false" scale="1" dimension="0" posX="4929.7998" posY="-2024.7998" posZ="0.01" rotX="0" rotY="0" rotZ="270"></object>
    <object id="object (vgshseing28) (11)" breakable="true" interior="0" collisions="true" alpha="255" model="8558" doublesided="false" scale="1" dimension="0" posX="4781.5" posY="-1922.7998" posZ="0.029" rotX="0" rotY="0" rotZ="179.995"></object>
    <object id="object (vgshseing28) (12)" breakable="true" interior="0" collisions="true" alpha="255" model="8558" doublesided="false" scale="1" dimension="0" posX="4763.9004" posY="-1944.5996" posZ="0.02" rotX="0" rotY="0" rotZ="270"></object>
    <object id="object (vgshseing28) (13)" breakable="true" interior="0" collisions="true" alpha="255" model="8558" doublesided="false" scale="1" dimension="0" posX="4929.7998" posY="-1984.7998" posZ="0.02" rotX="0" rotY="0" rotZ="270"></object>
    <object id="object (vgshseing28) (14)" breakable="true" interior="0" collisions="true" alpha="255" model="8558" doublesided="false" scale="1" dimension="0" posX="4821.7998" posY="-1922.7998" posZ="0.029" rotX="0" rotY="0" rotZ="179.995"></object>
    <object id="object (vgshseing28) (15)" breakable="true" interior="0" collisions="true" alpha="255" model="8558" doublesided="false" scale="1" dimension="0" posX="4929.7998" posY="-1944.7998" posZ="0" rotX="0" rotY="0" rotZ="270"></object>
    <object id="object (vgshseing28) (16)" breakable="true" interior="0" collisions="true" alpha="255" model="8558" doublesided="false" scale="1" dimension="0" posX="4862.2002" posY="-1922.7998" posZ="0.02" rotX="0" rotY="0" rotZ="179.995"></object>
    <object id="object (vgshseing28) (17)" breakable="true" interior="0" collisions="true" alpha="255" model="8558" doublesided="false" scale="1" dimension="0" posX="4902.2002" posY="-1922.7998" posZ="0.03" rotX="0" rotY="0" rotZ="179.995"></object>
    <object id="object (vgshseing28) (18)" breakable="true" interior="0" collisions="true" alpha="255" model="8558" doublesided="false" scale="1" dimension="0" posX="4786.5996" posY="-2007.5996" posZ="0.001" rotX="0" rotY="0" rotZ="0"></object>
    <object id="object (vgshseing28) (19)" breakable="true" interior="0" collisions="true" alpha="255" model="8558" doublesided="false" scale="1" dimension="0" posX="4826.7998" posY="-2007.5996" posZ="0.001" rotX="0" rotY="0" rotZ="0"></object>
    <object id="object (vgshseing28) (21)" breakable="true" interior="0" collisions="true" alpha="255" model="8558" doublesided="false" scale="1" dimension="0" posX="4867.1006" posY="-2007.5996" posZ="0.001" rotX="0" rotY="0" rotZ="0"></object>
    <object id="object (vgshseing28) (23)" breakable="true" interior="0" collisions="true" alpha="255" model="8558" doublesided="false" scale="1" dimension="0" posX="4907.4004" posY="-2007.5996" posZ="0.002" rotX="0" rotY="0" rotZ="0"></object>
    <object id="object (vgshseing28) (24)" breakable="true" interior="0" collisions="true" alpha="255" model="8558" doublesided="false" scale="1" dimension="0" posX="4912.1001" posY="-1922.8025" posZ="0.01" rotX="0" rotY="0" rotZ="179.995"></object>
    <object id="object (vgshseing28) (26)" breakable="true" interior="0" collisions="true" alpha="255" model="8558" doublesided="false" scale="1" dimension="0" posX="4884.6904" posY="-1985.2002" posZ="0.031" rotX="0" rotY="0" rotZ="270"></object>
    <object id="object (vgshseing28) (27)" breakable="true" interior="0" collisions="true" alpha="255" model="8558" doublesided="false" scale="1" dimension="0" posX="4907.4004" posY="-1977.0996" posZ="0.002" rotX="0" rotY="0" rotZ="0"></object>
    <object id="object (vgshseing28) (28)" breakable="true" interior="0" collisions="true" alpha="255" model="8558" doublesided="false" scale="1" dimension="0" posX="4884.7002" posY="-1944.7998" posZ="0.01" rotX="0" rotY="0" rotZ="270"></object>
    <object id="object (vgshseing28) (29)" breakable="true" interior="0" collisions="true" alpha="255" model="8558" doublesided="false" scale="1" dimension="0" posX="4907.04" posY="-1948.4004" posZ="0.001" rotX="0" rotY="0" rotZ="359.995"></object>
    <object id="object (vgshseing28) (30)" breakable="true" interior="0" collisions="true" alpha="255" model="8558" doublesided="false" scale="1" dimension="0" posX="4862.2002" posY="-1977.0996" posZ="0.0037" rotX="0" rotY="0" rotZ="0"></object>
    <object id="object (vgshseing28) (31)" breakable="true" interior="0" collisions="true" alpha="255" model="8558" doublesided="false" scale="1" dimension="0" posX="4822.5" posY="-1977.0996" posZ="0.001" rotX="0" rotY="0" rotZ="0"></object>
    <object id="object (vgshseing28) (32)" breakable="true" interior="0" collisions="true" alpha="255" model="8558" doublesided="false" scale="1" dimension="0" posX="4866.2998" posY="-1948.0996" posZ="0.001" rotX="0" rotY="0" rotZ="357.99"></object>
    <object id="object (vgshseing28) (33)" breakable="true" interior="0" collisions="true" alpha="255" model="8558" doublesided="false" scale="1" dimension="0" posX="4826.5" posY="-1946.7002" posZ="0.002" rotX="0" rotY="0" rotZ="357.99"></object>
    <object id="object (vgshseing28) (34)" breakable="true" interior="0" collisions="true" alpha="255" model="8558" doublesided="false" scale="1" dimension="0" posX="4786.5" posY="-1945.2998" posZ="0.001" rotX="0" rotY="0" rotZ="357.99"></object>
    <object id="object (vgshseing28) (35)" breakable="true" interior="0" collisions="true" alpha="255" model="8558" doublesided="false" scale="1" dimension="0" posX="4784.5" posY="-1977.0996" posZ="0.001" rotX="0" rotY="0" rotZ="0"></object>
    <object id="object (vgshseing28) (36)" breakable="true" interior="0" collisions="true" alpha="255" model="8558" doublesided="false" scale="1" dimension="0" posX="4844.5" posY="-1984.9004" posZ="0.002" rotX="0" rotY="0" rotZ="270"></object>
    <object id="object (vgshseing28) (37)" breakable="true" interior="0" collisions="true" alpha="255" model="8558" doublesided="false" scale="1" dimension="0" posX="4804.2002" posY="-1985.7998" posZ="0.01" rotX="0" rotY="0" rotZ="270"></object>
    <object id="object (vgshseing28) (39)" breakable="true" interior="0" collisions="true" alpha="255" model="8558" doublesided="false" scale="1" dimension="0" posX="4804.2002" posY="-1945.5" posZ="0.01" rotX="0" rotY="0" rotZ="270"></object>
    <object id="object (vgshseing28) (40)" breakable="true" interior="0" collisions="true" alpha="255" model="8558" doublesided="false" scale="1" dimension="0" posX="4844.5" posY="-1944.5" posZ="0.01" rotX="0" rotY="0" rotZ="270"></object>
    <object id="object (vgshseing28) (41)" breakable="true" interior="0" collisions="true" alpha="255" model="8558" doublesided="false" scale="1" dimension="0" posX="4804.2002" posY="-2024.4004" posZ="0.002" rotX="0" rotY="0" rotZ="270"></object>
    <object id="object (vgshseing28) (42)" breakable="true" interior="0" collisions="true" alpha="255" model="8558" doublesided="false" scale="1" dimension="0" posX="4884.7002" posY="-2024.9004" posZ="0.01" rotX="0" rotY="0" rotZ="270"></object>
    <object id="object (vgshseing28) (43)" breakable="true" interior="0" collisions="true" alpha="255" model="8558" doublesided="false" scale="1" dimension="0" posX="4844.5" posY="-2024.7002" posZ="0.01" rotX="0" rotY="0" rotZ="270"></object>
    <object id="object (a51_jetdoor) (1)" breakable="true" interior="0" collisions="true" alpha="255" model="3095" doublesided="false" scale="1" dimension="0" posX="4927.7988" posY="-2049.3999" posZ="1" rotX="0" rotY="0" rotZ="270"></object>
    <object id="object (a51_jetdoor) (2)" breakable="true" interior="0" collisions="true" alpha="255" model="3095" doublesided="false" scale="1" dimension="0" posX="4926.1001" posY="-2055.1001" posZ="1" rotX="0" rotY="0" rotZ="235.992"></object>
    <object id="object (a51_jetdoor) (3)" breakable="true" interior="0" collisions="true" alpha="255" model="3095" doublesided="false" scale="1" dimension="0" posX="4921" posY="-2061.2" posZ="1" rotX="0" rotY="0" rotZ="223.995"></object>
    <object id="object (a51_jetdoor) (4)" breakable="true" interior="0" collisions="true" alpha="255" model="3095" doublesided="false" scale="1" dimension="0" posX="4914.7998" posY="-2065.8994" posZ="1" rotX="0" rotY="0" rotZ="209.993"></object>
    <object id="object (a51_jetdoor) (13)" breakable="true" interior="0" collisions="true" alpha="255" model="3095" doublesided="false" scale="1" dimension="0" posX="4883.7002" posY="-2049.5" posZ="1" rotX="0" rotY="0" rotZ="89.973"></object>
    <object id="object (a51_jetdoor) (14)" breakable="true" interior="0" collisions="true" alpha="255" model="3095" doublesided="false" scale="1" dimension="0" posX="4765.9004" posY="-2049.5996" posZ="1" rotX="0" rotY="0" rotZ="89.978"></object>
    <object id="object (a51_jetdoor) (15)" breakable="true" interior="0" collisions="true" alpha="255" model="3095" doublesided="false" scale="1" dimension="0" posX="4766.7998" posY="-2056.8994" posZ="1" rotX="0" rotY="0" rotZ="109.973"></object>
    <object id="object (a51_jetdoor) (16)" breakable="true" interior="0" collisions="true" alpha="255" model="3095" doublesided="false" scale="1" dimension="0" posX="4770.6006" posY="-2063.8994" posZ="1" rotX="0" rotY="0" rotZ="125.975"></object>
    <object id="object (a51_jetdoor) (17)" breakable="true" interior="0" collisions="true" alpha="255" model="3095" doublesided="false" scale="1" dimension="0" posX="4775.5" posY="-2068.8" posZ="1" rotX="0" rotY="0" rotZ="147.973"></object>
    <object id="object (a51_jetdoor) (18)" breakable="true" interior="0" collisions="true" alpha="255" model="3095" doublesided="false" scale="1" dimension="0" posX="4782.3999" posY="-2071" posZ="1" rotX="0" rotY="0" rotZ="171.97"></object>
    <object id="object (a51_jetdoor) (19)" breakable="true" interior="0" collisions="true" alpha="255" model="3095" doublesided="false" scale="1" dimension="0" posX="4790" posY="-2070.3" posZ="1" rotX="0" rotY="0" rotZ="189.967"></object>
    <object id="object (a51_jetdoor) (20)" breakable="true" interior="0" collisions="true" alpha="255" model="3095" doublesided="false" scale="1" dimension="0" posX="4795.7998" posY="-2067.6001" posZ="1" rotX="0" rotY="0" rotZ="215.964"></object>
    <object id="object (a51_jetdoor) (21)" breakable="true" interior="0" collisions="true" alpha="255" model="3095" doublesided="false" scale="1" dimension="0" posX="4800.8999" posY="-2062.3999" posZ="1" rotX="0" rotY="0" rotZ="235.962"></object>
    <object id="object (a51_jetdoor) (22)" breakable="true" interior="0" collisions="true" alpha="255" model="3095" doublesided="false" scale="1" dimension="0" posX="4803.5" posY="-2056.3999" posZ="1" rotX="0" rotY="0" rotZ="171.959"></object>
    <object id="object (a51_jetdoor) (27)" breakable="true" interior="0" collisions="true" alpha="255" model="3095" doublesided="false" scale="1" dimension="0" posX="4803.7998" posY="-2049.5" posZ="1" rotX="0" rotY="0" rotZ="270"></object>
    <object id="object (a51_jetdoor) (40)" breakable="true" interior="0" collisions="true" alpha="255" model="3095" doublesided="false" scale="1" dimension="0" posX="4900.7998" posY="-2067.8401" posZ="1" rotX="0" rotY="0" rotZ="179.984"></object>
    <object id="object (a51_jetdoor) (41)" breakable="true" interior="0" collisions="true" alpha="255" model="3095" doublesided="false" scale="1" dimension="0" posX="4885.1006" posY="-2055.5996" posZ="1" rotX="0" rotY="0" rotZ="111.973"></object>
    <object id="object (a51_jetdoor) (42)" breakable="true" interior="0" collisions="true" alpha="255" model="3095" doublesided="false" scale="1" dimension="0" posX="4888.7998" posY="-2061.5" posZ="1" rotX="0" rotY="0" rotZ="129.968"></object>
    <object id="object (a51_jetdoor) (44)" breakable="true" interior="0" collisions="true" alpha="255" model="3095" doublesided="false" scale="1" dimension="0" posX="4894.6006" posY="-2066.2998" posZ="1" rotX="0" rotY="0" rotZ="151.963"></object>
    <object id="object (a51_jetdoor) (45)" breakable="true" interior="0" collisions="true" alpha="255" model="3095" doublesided="false" scale="1" dimension="0" posX="4908.7002" posY="-2067.7" posZ="1" rotX="0" rotY="0" rotZ="181.989"></object>
    <object id="object (vgshseing28) (46)" breakable="true" interior="0" collisions="true" alpha="255" model="8558" doublesided="false" scale="1" dimension="0" posX="4952.4004" posY="-1977.0996" posZ="0.001" rotX="0" rotY="0" rotZ="0"></object>
    <pickup id="pickup (health) (1)" type="health" interior="0" amount="100" respawn="30000" dimension="0" alpha="255" posX="4887" posY="-1990.9004" posZ="2.5" rotX="0" rotY="0" rotZ="0"></pickup>
    <pickup id="pickup (health) (2)" type="health" interior="0" amount="100" respawn="30000" dimension="0" alpha="255" posX="4886.7998" posY="-1991.9" posZ="16.8" rotX="0" rotY="0" rotZ="0"></pickup>
    <object id="object (vgshseing28) (47)" breakable="true" interior="0" collisions="true" alpha="255" model="8558" doublesided="false" scale="1" dimension="0" posX="4951.9004" posY="-2007.5996" posZ="0.005" rotX="0" rotY="0" rotZ="0"></object>
    <object id="object (vgshseing28) (48)" breakable="true" interior="0" collisions="true" alpha="255" model="8558" doublesided="false" scale="1" dimension="0" posX="4973.7998" posY="-1992.2999" posZ="0.01" rotX="0" rotY="0" rotZ="270"></object>
    <object id="object (vgshseing28) (49)" breakable="true" interior="0" collisions="true" alpha="255" model="8558" doublesided="false" scale="1" dimension="0" posX="4978.7998" posY="-1992.2998" posZ="0" rotX="0" rotY="0" rotZ="270"></object>
    <object id="object (vgshseing28) (53)" breakable="true" interior="0" collisions="true" alpha="255" model="8558" doublesided="false" scale="1" dimension="0" posX="4741.2998" posY="-2007.5996" posZ="0.0036" rotX="0" rotY="0" rotZ="0"></object>
    <object id="object (vgshseing28) (54)" breakable="true" interior="0" collisions="true" alpha="255" model="8558" doublesided="false" scale="1" dimension="0" posX="4741.7002" posY="-1977.0996" posZ="0.0035" rotX="0" rotY="0" rotZ="0"></object>
    <object id="object (vgshseing28) (55)" breakable="true" interior="0" collisions="true" alpha="255" model="8558" doublesided="false" scale="1" dimension="0" posX="4719.5" posY="-1992.2002" posZ="0.01" rotX="0" rotY="0" rotZ="267.995"></object>
    <object id="object (vgshseing28) (56)" breakable="true" interior="0" collisions="true" alpha="255" model="8558" doublesided="false" scale="1" dimension="0" posX="4714.5" posY="-1991.9" posZ="0" rotX="0" rotY="0" rotZ="267.995"></object>
    <object id="object (vgshseing28) (83)" breakable="true" interior="0" collisions="true" alpha="255" model="8558" doublesided="false" scale="1" dimension="0" posX="4983.5" posY="-1992.2998" posZ="0.01" rotX="0" rotY="0" rotZ="270"></object>
    <object id="object (vgshseing28) (85)" breakable="true" interior="0" collisions="true" alpha="255" model="8558" doublesided="false" scale="1" dimension="0" posX="4987.5" posY="-1992.3008" posZ="0.5" rotX="21.995" rotY="0" rotZ="270"></object>
    <object id="object (vgshseing28) (86)" breakable="true" interior="0" collisions="true" alpha="255" model="8558" doublesided="false" scale="1" dimension="0" posX="4990.5" posY="-1992.2998" posZ="2.5" rotX="43.995" rotY="0" rotZ="270"></object>
    <object id="object (vgshseing28) (87)" breakable="true" interior="0" collisions="true" alpha="255" model="8558" doublesided="false" scale="1" dimension="0" posX="4992.5" posY="-1992.3" posZ="4.8" rotX="63.989" rotY="0" rotZ="270"></object>
    <object id="object (vgshseing28) (88)" breakable="true" interior="0" collisions="true" alpha="255" model="8558" doublesided="false" scale="1" dimension="0" posX="4993.7002" posY="-1992.3" posZ="8.6" rotX="81.984" rotY="0" rotZ="270"></object>
    <object id="object (vgshseing28) (89)" breakable="true" interior="0" collisions="true" alpha="255" model="8558" doublesided="false" scale="1" dimension="0" posX="4994" posY="-1992.2998" posZ="13.6" rotX="88.017" rotY="179.995" rotZ="90"></object>
    <object id="object (vgshseing28) (90)" breakable="true" interior="0" collisions="true" alpha="255" model="8558" doublesided="false" scale="1" dimension="0" posX="4709.5" posY="-1991.7" posZ="0" rotX="0" rotY="0" rotZ="267.995"></object>
    <object id="object (vgshseing28) (92)" breakable="true" interior="0" collisions="true" alpha="255" model="8558" doublesided="false" scale="1" dimension="0" posX="4706" posY="-1991.5" posZ="1.5" rotX="317.999" rotY="0" rotZ="267.995"></object>
    <object id="object (vgshseing28) (93)" breakable="true" interior="0" collisions="true" alpha="255" model="8558" doublesided="false" scale="1" dimension="0" posX="4703.2998" posY="-1991.4" posZ="4.5" rotX="303.999" rotY="0" rotZ="267.995"></object>
    <object id="object (vgshseing28) (94)" breakable="true" interior="0" collisions="true" alpha="255" model="8558" doublesided="false" scale="1" dimension="0" posX="4701.2998" posY="-1991.4004" posZ="8.5" rotX="287.996" rotY="0" rotZ="267.995"></object>
    <object id="object (vgshseing28) (95)" breakable="true" interior="0" collisions="true" alpha="255" model="8558" doublesided="false" scale="1" dimension="0" posX="4700.6001" posY="-1991.4" posZ="13.3" rotX="270.007" rotY="180" rotZ="87.995"></object>
    <object id="object (vgshseing28) (96)" breakable="true" interior="0" collisions="true" alpha="255" model="8558" doublesided="false" scale="1" dimension="0" posX="4700.7998" posY="-1991.5" posZ="17.3" rotX="276.005" rotY="180" rotZ="87.995"></object>
    <object id="object (vgshseing28) (100)" breakable="true" interior="0" collisions="true" alpha="255" model="8558" doublesided="false" scale="1" dimension="0" posX="4743.1104" posY="-2037.0996" posZ="8.3" rotX="0" rotY="24.994" rotZ="0"></object>
    <object id="object (vgshseing28) (102)" breakable="true" interior="0" collisions="true" alpha="255" model="8558" doublesided="false" scale="1" dimension="0" posX="4722.8999" posY="-2021.6" posZ="16.7" rotX="0" rotY="0" rotZ="269.995"></object>
    <object id="object (vgshseing28) (103)" breakable="true" interior="0" collisions="true" alpha="255" model="8558" doublesided="false" scale="1" dimension="0" posX="4722.8999" posY="-1981.3" posZ="16.704" rotX="0" rotY="0" rotZ="269.995"></object>
    <object id="object (vgshseing28) (104)" breakable="true" interior="0" collisions="true" alpha="255" model="8558" doublesided="false" scale="1" dimension="0" posX="4743" posY="-1927.9961" posZ="8.4" rotX="0" rotY="24.999" rotZ="0"></object>
    <object id="object (vgshseing28) (105)" breakable="true" interior="0" collisions="true" alpha="255" model="8558" doublesided="false" scale="1" dimension="0" posX="4722.8999" posY="-1944.1" posZ="16.7" rotX="0" rotY="0" rotZ="269.995"></object>
    <object id="object (vgshseing28) (110)" breakable="true" interior="0" collisions="true" alpha="255" model="8558" doublesided="false" scale="1" dimension="0" posX="4781" posY="-1922.7998" posZ="16.7" rotX="0" rotY="0" rotZ="179.995"></object>
    <object id="object (vgshseing28) (111)" breakable="true" interior="0" collisions="true" alpha="255" model="8558" doublesided="false" scale="1" dimension="0" posX="4821.4004" posY="-1922.7998" posZ="16.7" rotX="0" rotY="0" rotZ="179.995"></object>
    <object id="object (vgshseing28) (112)" breakable="true" interior="0" collisions="true" alpha="255" model="8558" doublesided="false" scale="1" dimension="0" posX="4861.7002" posY="-1922.7998" posZ="16.7" rotX="0" rotY="0" rotZ="179.995"></object>
    <object id="object (vgshseing28) (113)" breakable="true" interior="0" collisions="true" alpha="255" model="8558" doublesided="false" scale="1" dimension="0" posX="4764.6006" posY="-2042.5" posZ="16.704" rotX="0" rotY="0" rotZ="179.995"></object>
    <object id="object (vgshseing28) (114)" breakable="true" interior="0" collisions="true" alpha="255" model="8558" doublesided="false" scale="1" dimension="0" posX="4902" posY="-1922.8" posZ="16.7" rotX="0" rotY="0" rotZ="179.995"></object>
    <object id="object (vgshseing28) (116)" breakable="true" interior="0" collisions="true" alpha="255" model="8558" doublesided="false" scale="1" dimension="0" posX="4950.6006" posY="-1927.9004" posZ="8.409" rotX="0" rotY="24.999" rotZ="179.995"></object>
    <object id="object (vgshseing28) (118)" breakable="true" interior="0" collisions="true" alpha="255" model="8558" doublesided="false" scale="1" dimension="0" posX="4942.4004" posY="-1922.7998" posZ="16.7023" rotX="0" rotY="0" rotZ="179.995"></object>
    <object id="object (vgshseing28) (119)" breakable="true" interior="0" collisions="true" alpha="255" model="8558" doublesided="false" scale="1" dimension="0" posX="4952.9004" posY="-1922.7998" posZ="16.70991" rotX="0" rotY="0" rotZ="179.995"></object>
    <object id="object (vgshseing28) (120)" breakable="true" interior="0" collisions="true" alpha="255" model="8558" doublesided="false" scale="1" dimension="0" posX="4952.5" posY="-2036.9902" posZ="8.5" rotX="0" rotY="24.994" rotZ="179.995"></object>
    <object id="object (vgshseing28) (121)" breakable="true" interior="0" collisions="true" alpha="255" model="8558" doublesided="false" scale="1" dimension="0" posX="4971" posY="-1940.4004" posZ="16.81" rotX="0" rotY="0" rotZ="90.989"></object>
    <object id="object (vgshseing28) (122)" breakable="true" interior="0" collisions="true" alpha="255" model="8558" doublesided="false" scale="1" dimension="0" posX="4953.1006" posY="-2042.5" posZ="16.79" rotX="0" rotY="0" rotZ="0"></object>
    <object id="object (vgshseing28) (123)" breakable="true" interior="0" collisions="true" alpha="255" model="8558" doublesided="false" scale="1" dimension="0" posX="4971.7002" posY="-1980.2998" posZ="16.81" rotX="0" rotY="0" rotZ="90.989"></object>
    <object id="object (vgshseing28) (124)" breakable="true" interior="0" collisions="true" alpha="255" model="8558" doublesided="false" scale="1" dimension="0" posX="4972.4004" posY="-2020.5" posZ="16.801" rotX="0" rotY="0" rotZ="90.994"></object>
    <object id="object (vgshseing28) (125)" breakable="true" interior="0" collisions="true" alpha="255" model="8558" doublesided="false" scale="1" dimension="0" posX="4913.1006" posY="-2042.5" posZ="16.77" rotX="0" rotY="0" rotZ="0"></object>
    <object id="object (vgshseing28) (126)" breakable="true" interior="0" collisions="true" alpha="255" model="8558" doublesided="false" scale="1" dimension="0" posX="4873.1006" posY="-2042.5" posZ="16.79001" rotX="0" rotY="0" rotZ="0"></object>
    <object id="object (vgshseing28) (127)" breakable="true" interior="0" collisions="true" alpha="255" model="8558" doublesided="false" scale="1" dimension="0" posX="4841.6001" posY="-2042.5" posZ="16.78" rotX="0" rotY="0" rotZ="0"></object>
    <object id="object (vgshseing28) (128)" breakable="true" interior="0" collisions="true" alpha="255" model="8558" doublesided="false" scale="1" dimension="0" posX="4801.5" posY="-2042.52" posZ="16.72" rotX="0" rotY="0" rotZ="0"></object>
    <object id="object (vgshseing28) (129)" breakable="true" interior="0" collisions="true" alpha="255" model="8558" doublesided="false" scale="1" dimension="0" posX="4740.6006" posY="-2042.5" posZ="16.70918" rotX="0" rotY="0" rotZ="179.995"></object>
    <object id="object (vgshseing28) (130)" breakable="true" interior="0" collisions="true" alpha="255" model="8558" doublesided="false" scale="1" dimension="0" posX="4955" posY="-2042.5" posZ="16.791" rotX="0" rotY="0" rotZ="0"></object>
    <object id="object (vgshseing28) (131)" breakable="true" interior="0" collisions="true" alpha="255" model="8558" doublesided="false" scale="1" dimension="0" posX="4745.2998" posY="-1945.2998" posZ="16.7" rotX="0" rotY="0" rotZ="179.995"></object>
    <object id="object (vgshseing28) (132)" breakable="true" interior="0" collisions="true" alpha="255" model="8558" doublesided="false" scale="1" dimension="0" posX="4785" posY="-1945.2998" posZ="16.70229" rotX="0" rotY="0" rotZ="179.995"></object>
    <object id="object (vgshseing28) (133)" breakable="true" interior="0" collisions="true" alpha="255" model="8558" doublesided="false" scale="1" dimension="0" posX="4825.2998" posY="-1945.2998" posZ="16.7018" rotX="0" rotY="0" rotZ="179.995"></object>
    <object id="object (vgshseing28) (134)" breakable="true" interior="0" collisions="true" alpha="255" model="8558" doublesided="false" scale="1" dimension="0" posX="4865" posY="-1945.2998" posZ="16.7011" rotX="0" rotY="0" rotZ="179.995"></object>
    <object id="object (vgshseing28) (135)" breakable="true" interior="0" collisions="true" alpha="255" model="8558" doublesided="false" scale="1" dimension="0" posX="4905.2012" posY="-1945.2998" posZ="16.703" rotX="0" rotY="0" rotZ="179.995"></object>
    <object id="object (vgshseing28) (136)" breakable="true" interior="0" collisions="true" alpha="255" model="8558" doublesided="false" scale="1" dimension="0" posX="4928" posY="-1945.2002" posZ="16.704" rotX="0" rotY="0" rotZ="89.995"></object>
    <object id="object (vgshseing28) (137)" breakable="true" interior="0" collisions="true" alpha="255" model="8558" doublesided="false" scale="1" dimension="0" posX="4928" posY="-1985.4004" posZ="16.7099" rotX="0" rotY="0" rotZ="89.995"></object>
    <object id="object (vgshseing28) (138)" breakable="true" interior="0" collisions="true" alpha="255" model="8558" doublesided="false" scale="1" dimension="0" posX="4928" posY="-2022.9004" posZ="16.702" rotX="0" rotY="0" rotZ="89.995"></object>
    <object id="object (vgshseing28) (139)" breakable="true" interior="0" collisions="true" alpha="255" model="8558" doublesided="false" scale="1" dimension="0" posX="4786" posY="-1983.9004" posZ="16.7038" rotX="0" rotY="0" rotZ="179.995"></object>
    <object id="object (vgshseing28) (140)" breakable="true" interior="0" collisions="true" alpha="255" model="8558" doublesided="false" scale="1" dimension="0" posX="4826.2002" posY="-1983.9004" posZ="16.7025" rotX="0" rotY="0" rotZ="179.995"></object>
    <object id="object (vgshseing28) (141)" breakable="true" interior="0" collisions="true" alpha="255" model="8558" doublesided="false" scale="1" dimension="0" posX="4866.5" posY="-1983.9004" posZ="16.7038" rotX="0" rotY="0" rotZ="179.995"></object>
    <object id="object (vgshseing28) (142)" breakable="true" interior="0" collisions="true" alpha="255" model="8558" doublesided="false" scale="1" dimension="0" posX="4906.9004" posY="-1983.9004" posZ="16.702" rotX="0" rotY="0" rotZ="179.995"></object>
    <object id="object (vgshseing28) (144)" breakable="true" interior="0" collisions="true" alpha="255" model="8558" doublesided="false" scale="1" dimension="0" posX="4785.9004" posY="-2002.2002" posZ="16.704" rotX="0" rotY="0" rotZ="179.995"></object>
    <object id="object (vgshseing28) (145)" breakable="true" interior="0" collisions="true" alpha="255" model="8558" doublesided="false" scale="1" dimension="0" posX="4826.2998" posY="-2002.2002" posZ="16.703" rotX="0" rotY="0" rotZ="179.995"></object>
    <object id="object (vgshseing28) (146)" breakable="true" interior="0" collisions="true" alpha="255" model="8558" doublesided="false" scale="1" dimension="0" posX="4866.7002" posY="-2002.2002" posZ="16.803" rotX="0" rotY="0" rotZ="179.995"></object>
    <object id="object (vgshseing28) (147)" breakable="true" interior="0" collisions="true" alpha="255" model="8558" doublesided="false" scale="1" dimension="0" posX="4907" posY="-2002.2002" posZ="16.703" rotX="0" rotY="0" rotZ="179.995"></object>
    <object id="object (vgshseing28) (149)" breakable="true" interior="0" collisions="true" alpha="255" model="8558" doublesided="false" scale="1" dimension="0" posX="4884.2998" posY="-2019.7998" posZ="16.81" rotX="0" rotY="0" rotZ="90"></object>
    <object id="object (vgshseing28) (150)" breakable="true" interior="0" collisions="true" alpha="255" model="8558" doublesided="false" scale="1" dimension="0" posX="4884.2998" posY="-1979.5" posZ="16.791" rotX="0" rotY="0" rotZ="90"></object>
    <object id="object (vgshseing28) (151)" breakable="true" interior="0" collisions="true" alpha="255" model="8558" doublesided="false" scale="1" dimension="0" posX="4884.2998" posY="-1940.4004" posZ="16.8" rotX="0" rotY="0" rotZ="90"></object>
    <object id="object (vgshseing28) (152)" breakable="true" interior="0" collisions="true" alpha="255" model="8558" doublesided="false" scale="1" dimension="0" posX="4844.6006" posY="-1945.4004" posZ="16.8" rotX="0" rotY="0" rotZ="90"></object>
    <object id="object (vgshseing28) (153)" breakable="true" interior="0" collisions="true" alpha="255" model="8558" doublesided="false" scale="1" dimension="0" posX="4844.6006" posY="-1985.5996" posZ="16.8035" rotX="0" rotY="0" rotZ="90"></object>
    <object id="object (vgshseing28) (154)" breakable="true" interior="0" collisions="true" alpha="255" model="8558" doublesided="false" scale="1" dimension="0" posX="4844.6006" posY="-2024.7998" posZ="16.8016" rotX="0" rotY="0" rotZ="90"></object>
    <object id="object (vgshseing28) (155)" breakable="true" interior="0" collisions="true" alpha="255" model="8558" doublesided="false" scale="1" dimension="0" posX="4803.7002" posY="-1945.5" posZ="16.703" rotX="0" rotY="0" rotZ="90"></object>
    <object id="object (vgshseing28) (156)" breakable="true" interior="0" collisions="true" alpha="255" model="8558" doublesided="false" scale="1" dimension="0" posX="4803.7002" posY="-1985.7998" posZ="16.701" rotX="0" rotY="0" rotZ="90"></object>
    <object id="object (vgshseing28) (157)" breakable="true" interior="0" collisions="true" alpha="255" model="8558" doublesided="false" scale="1" dimension="0" posX="4803.7002" posY="-2020.7" posZ="16.702" rotX="0" rotY="0" rotZ="90"></object>
    <object id="object (vgshseing28) (158)" breakable="true" interior="0" collisions="true" alpha="255" model="8558" doublesided="false" scale="1" dimension="0" posX="4763.2002" posY="-1945.5" posZ="16.703" rotX="0" rotY="0" rotZ="90"></object>
    <object id="object (vgshseing28) (159)" breakable="true" interior="0" collisions="true" alpha="255" model="8558" doublesided="false" scale="1" dimension="0" posX="4763.2002" posY="-1985.9004" posZ="16.7096" rotX="0" rotY="0" rotZ="90"></object>
    <object id="object (vgshseing28) (160)" breakable="true" interior="0" collisions="true" alpha="255" model="8558" doublesided="false" scale="1" dimension="0" posX="4763.2002" posY="-2023.7002" posZ="16.703" rotX="0" rotY="0" rotZ="90"></object>
    <object id="object (vgshseing28) (161)" breakable="true" interior="0" collisions="true" alpha="255" model="8558" doublesided="false" scale="1" dimension="0" posX="4948.9004" posY="-1945.4004" posZ="16.7" rotX="0" rotY="0" rotZ="179.995"></object>
    <object id="object (vgshseing28) (162)" breakable="true" interior="0" collisions="true" alpha="255" model="8558" doublesided="false" scale="1" dimension="0" posX="4744.7998" posY="-1978.9" posZ="16.7" rotX="0" rotY="0" rotZ="179.995"></object>
    <object id="object (vgshseing28) (163)" breakable="true" interior="0" collisions="true" alpha="255" model="8558" doublesided="false" scale="1" dimension="0" posX="4744.7002" posY="-1973.5" posZ="16.7" rotX="0" rotY="0" rotZ="179.995"></object>
    <object id="object (vgshseing28) (167)" breakable="true" interior="0" collisions="true" alpha="255" model="8558" doublesided="false" scale="1" dimension="0" posX="4744.3999" posY="-2006.2" posZ="16.7" rotX="0" rotY="0" rotZ="179.995"></object>
    <object id="object (vgshseing28) (169)" breakable="true" interior="0" collisions="true" alpha="255" model="8558" doublesided="false" scale="1" dimension="0" posX="4950.2998" posY="-1973.5" posZ="16.7" rotX="0" rotY="0" rotZ="179.995"></object>
    <object id="object (vgshseing28) (174)" breakable="true" interior="0" collisions="true" alpha="255" model="8558" doublesided="false" scale="1" dimension="0" posX="4950.2998" posY="-2012.4004" posZ="16.7" rotX="0" rotY="0" rotZ="179.995"></object>
    <object id="object (vgshseing28) (179)" breakable="true" interior="0" collisions="true" alpha="255" model="8558" doublesided="false" scale="1" dimension="0" posX="4701.6001" posY="-1991.5" posZ="21.8" rotX="286.005" rotY="180" rotZ="87.995"></object>
    <object id="object (DYN_GARRAGE1) (1)" breakable="true" interior="0" collisions="true" alpha="255" model="1482" doublesided="false" scale="1" dimension="0" posX="4933.3999" posY="-2036.5" posZ="331" rotX="0" rotY="0" rotZ="0"></object>
    <object id="object (DYN_GARRAGE1) (3)" breakable="true" interior="0" collisions="true" alpha="255" model="1482" doublesided="false" scale="1" dimension="0" posX="4933.7002" posY="-2037.7998" posZ="0.09" rotX="0" rotY="0" rotZ="90"></object>
    <object id="object (DYN_GARRAGE1) (4)" breakable="true" interior="0" collisions="true" alpha="255" model="1482" doublesided="false" scale="1" dimension="0" posX="4933.7002" posY="-2037.5" posZ="0.09" rotX="0" rotY="0" rotZ="90"></object>
    <object id="object (DYN_GARRAGE1) (5)" breakable="true" interior="0" collisions="true" alpha="255" model="1482" doublesided="false" scale="1" dimension="0" posX="4933.7002" posY="-2037.2" posZ="0.09" rotX="0" rotY="0" rotZ="90"></object>
    <object id="object (DYN_GARRAGE1) (6)" breakable="true" interior="0" collisions="true" alpha="255" model="1482" doublesided="false" scale="1" dimension="0" posX="4933.7002" posY="-2036.2002" posZ="0.09" rotX="0" rotY="0" rotZ="90"></object>
    <object id="object (DYN_GARRAGE1) (8)" breakable="true" interior="0" collisions="true" alpha="255" model="1482" doublesided="false" scale="1" dimension="0" posX="4933.7002" posY="-2036.3" posZ="0.09" rotX="0" rotY="0" rotZ="90"></object>
    <object id="object (vgshseing28) (182)" breakable="true" interior="0" collisions="true" alpha="255" model="8558" doublesided="false" scale="1" dimension="0" posX="4708.2002" posY="-1991.2" posZ="0.3" rotX="337.999" rotY="0" rotZ="267.995"></object>
    <object id="object (vgshseing28) (183)" breakable="true" interior="0" collisions="true" alpha="255" model="8558" doublesided="false" scale="1" dimension="0" posX="4993" posY="-1992.3" posZ="18.6" rotX="68.017" rotY="180" rotZ="89.995"></object>
    <object id="object (vgshseing28) (184)" breakable="true" interior="0" collisions="true" alpha="255" model="8558" doublesided="false" scale="1" dimension="0" posX="4991.2998" posY="-1992.2002" posZ="21.9" rotX="60.013" rotY="179.995" rotZ="89.989"></object>
    <object id="object (a51_jetdoor) (58)" breakable="true" interior="0" collisions="true" alpha="255" model="3095" doublesided="false" scale="1" dimension="0" posX="4927.8999" posY="-1915.72" posZ="1" rotX="0" rotY="0" rotZ="270"></object>
    <object id="object (a51_jetdoor) (59)" breakable="true" interior="0" collisions="true" alpha="255" model="3095" doublesided="false" scale="1" dimension="0" posX="4926.8999" posY="-1909.1" posZ="1" rotX="0" rotY="0" rotZ="286"></object>
    <object id="object (a51_jetdoor) (60)" breakable="true" interior="0" collisions="true" alpha="255" model="3095" doublesided="false" scale="1" dimension="0" posX="4923.7998" posY="-1904" posZ="1" rotX="0" rotY="0" rotZ="315.996"></object>
    <object id="object (a51_jetdoor) (61)" breakable="true" interior="0" collisions="true" alpha="255" model="3095" doublesided="false" scale="1" dimension="0" posX="4917.7002" posY="-1899.1" posZ="1" rotX="0" rotY="0" rotZ="325.994"></object>
    <object id="object (a51_jetdoor) (62)" breakable="true" interior="0" collisions="true" alpha="255" model="3095" doublesided="false" scale="1" dimension="0" posX="4911.7002" posY="-1896.7" posZ="1" rotX="0" rotY="0" rotZ="265.992"></object>
    <object id="object (a51_jetdoor) (64)" breakable="true" interior="0" collisions="true" alpha="255" model="3095" doublesided="false" scale="1" dimension="0" posX="4888" posY="-1916.9" posZ="1" rotX="0" rotY="0" rotZ="270"></object>
    <object id="object (a51_jetdoor) (65)" breakable="true" interior="0" collisions="true" alpha="255" model="3095" doublesided="false" scale="1" dimension="0" posX="4889.4004" posY="-1911.5996" posZ="1.01" rotX="0" rotY="0" rotZ="243.995"></object>
    <object id="object (a51_jetdoor) (66)" breakable="true" interior="0" collisions="true" alpha="255" model="3095" doublesided="false" scale="1" dimension="0" posX="4893.5" posY="-1905" posZ="1" rotX="0" rotY="0" rotZ="225.994"></object>
    <object id="object (a51_jetdoor) (67)" breakable="true" interior="0" collisions="true" alpha="255" model="3095" doublesided="false" scale="1" dimension="0" posX="4898.6006" posY="-1901.2002" posZ="1" rotX="0" rotY="0" rotZ="213.992"></object>
    <object id="object (a51_jetdoor) (68)" breakable="true" interior="0" collisions="true" alpha="255" model="3095" doublesided="false" scale="1" dimension="0" posX="4905" posY="-1897.7" posZ="1" rotX="0" rotY="0" rotZ="197.991"></object>
    <object id="object (a51_jetdoor) (69)" breakable="true" interior="0" collisions="true" alpha="255" model="3095" doublesided="false" scale="1" dimension="0" posX="4765.9004" posY="-1916.2" posZ="1" rotX="0" rotY="0" rotZ="270"></object>
    <object id="object (a51_jetdoor) (70)" breakable="true" interior="0" collisions="true" alpha="255" model="3095" doublesided="false" scale="1" dimension="0" posX="4767.3999" posY="-1910.5" posZ="1" rotX="0" rotY="0" rotZ="236"></object>
    <object id="object (a51_jetdoor) (71)" breakable="true" interior="0" collisions="true" alpha="255" model="3095" doublesided="false" scale="1" dimension="0" posX="4772.5" posY="-1904.5" posZ="1" rotX="0" rotY="0" rotZ="223.997"></object>
    <object id="object (a51_jetdoor) (72)" breakable="true" interior="0" collisions="true" alpha="255" model="3095" doublesided="false" scale="1" dimension="0" posX="4778.2998" posY="-1900.5" posZ="1" rotX="0" rotY="0" rotZ="199.992"></object>
    <object id="object (a51_jetdoor) (73)" breakable="true" interior="0" collisions="true" alpha="255" model="3095" doublesided="false" scale="1" dimension="0" posX="4803.2002" posY="-1916" posZ="1" rotX="0" rotY="0" rotZ="270"></object>
    <object id="object (a51_jetdoor) (74)" breakable="true" interior="0" collisions="true" alpha="255" model="3095" doublesided="false" scale="1" dimension="0" posX="4801.7998" posY="-1909.1" posZ="1" rotX="0" rotY="0" rotZ="291.995"></object>
    <object id="object (a51_jetdoor) (75)" breakable="true" interior="0" collisions="true" alpha="255" model="3095" doublesided="false" scale="1" dimension="0" posX="4798" posY="-1903.7" posZ="1" rotX="0" rotY="0" rotZ="315.994"></object>
    <object id="object (a51_jetdoor) (76)" breakable="true" interior="0" collisions="true" alpha="255" model="3095" doublesided="false" scale="1" dimension="0" posX="4792.1001" posY="-1900.2" posZ="1" rotX="0" rotY="0" rotZ="339.993"></object>
    <object id="object (a51_jetdoor) (77)" breakable="true" interior="0" collisions="true" alpha="255" model="3095" doublesided="false" scale="1" dimension="0" posX="4785.2998" posY="-1899" posZ="1" rotX="0" rotY="0" rotZ="357.992"></object>
    <spawnpoint id="spawnpoint (Cheetah) (2)" vehicle="415" alpha="255" interior="0" posX="4723.5" posY="-1945.5" posZ="19.1" rotX="0" rotY="0" rotZ="270"></spawnpoint>
    <object id="object (vgshseing28) (7)" breakable="true" interior="0" collisions="true" alpha="255" model="8558" doublesided="false" scale="1" dimension="0" posX="4740.6001" posY="-1922.8" posZ="16.709" rotX="0" rotY="0" rotZ="179.995"></object>
    <spawnpoint id="spawnpoint (Cheetah) (5)" vehicle="415" posX="4724" posY="-1922.3" posZ="18.9" rotX="0" rotY="0" rotZ="270"></spawnpoint>
    <spawnpoint id="spawnpoint (Cheetah) (6)" vehicle="415" alpha="255" interior="0" posX="4763.6001" posY="-1928" posZ="18.9" rotX="0" rotY="0" rotZ="180"></spawnpoint>
    <spawnpoint id="spawnpoint (Cheetah) (7)" vehicle="415" alpha="255" interior="0" posX="4804.2002" posY="-1928.7" posZ="18.9" rotX="0" rotY="0" rotZ="180"></spawnpoint>
    <spawnpoint id="spawnpoint (Cheetah) (8)" vehicle="415" alpha="255" interior="0" posX="4844.6001" posY="-1927.5" posZ="18.9" rotX="0" rotY="0" rotZ="180"></spawnpoint>
    <spawnpoint id="spawnpoint (Cheetah) (9)" vehicle="415" alpha="255" interior="0" posX="4884.7998" posY="-1928.8" posZ="18.9" rotX="0" rotY="0" rotZ="180"></spawnpoint>
    <spawnpoint id="spawnpoint (Cheetah) (10)" vehicle="415" alpha="255" interior="0" posX="4927.5" posY="-1928" posZ="18.9" rotX="0" rotY="0" rotZ="180"></spawnpoint>
    <spawnpoint id="spawnpoint (Cheetah) (11)" vehicle="415" alpha="255" interior="0" posX="4970.8999" posY="-1927.6" posZ="18.9" rotX="0" rotY="0" rotZ="180"></spawnpoint>
    <spawnpoint id="spawnpoint (Cheetah) (12)" vehicle="415" alpha="255" interior="0" posX="4965.2998" posY="-1945.5" posZ="18.9" rotX="0" rotY="0" rotZ="90"></spawnpoint>
    <spawnpoint id="spawnpoint (Cheetah) (14)" vehicle="415" posX="4972.1001" posY="-2042.6" posZ="19.1" rotX="0" rotY="0" rotZ="90"></spawnpoint>
    <spawnpoint id="spawnpoint (Cheetah) (15)" vehicle="415" alpha="255" interior="0" posX="4928" posY="-2037.6" posZ="19.1" rotX="0" rotY="0" rotZ="1"></spawnpoint>
    <spawnpoint id="spawnpoint (Cheetah) (18)" vehicle="415" alpha="255" interior="0" posX="4803.8999" posY="-2037.9" posZ="19.1" rotX="0" rotY="0" rotZ="1"></spawnpoint>
    <spawnpoint id="spawnpoint (Cheetah) (19)" vehicle="415" alpha="255" interior="0" posX="4762.8999" posY="-2035.6" posZ="19.1" rotX="0" rotY="0" rotZ="1"></spawnpoint>
    <spawnpoint id="spawnpoint (Cheetah) (21)" vehicle="415" alpha="255" interior="0" posX="4723.2998" posY="-2036.6" posZ="19.1" rotX="0" rotY="0" rotZ="1"></spawnpoint>
    <spawnpoint id="spawnpoint (Cheetah) (22)" vehicle="415" posX="4804.2998" posY="-1927.0996" posZ="2.2" rotX="0" rotY="0" rotZ="180"></spawnpoint>
    <spawnpoint id="spawnpoint (Cheetah) (23)" vehicle="415" alpha="255" interior="0" posX="4844.7998" posY="-1927.2" posZ="2.2" rotX="0" rotY="0" rotZ="180"></spawnpoint>
    <spawnpoint id="spawnpoint (Cheetah) (24)" vehicle="415" alpha="255" interior="0" posX="4884.7998" posY="-1928" posZ="2.2" rotX="0" rotY="0" rotZ="179.995"></spawnpoint>
    <spawnpoint id="spawnpoint (Cheetah) (29)" vehicle="415" alpha="255" interior="0" posX="4804.2002" posY="-2037.5996" posZ="2.2" rotX="0" rotY="0" rotZ="0"></spawnpoint>
    <spawnpoint id="spawnpoint (Cheetah) (30)" vehicle="415" alpha="255" interior="0" posX="4844.6006" posY="-2039.2998" posZ="2.2" rotX="0" rotY="0" rotZ="0"></spawnpoint>
    <spawnpoint id="spawnpoint (Cheetah) (31)" vehicle="415" alpha="255" interior="0" posX="4884.9004" posY="-2039" posZ="2.2" rotX="0" rotY="0" rotZ="0"></spawnpoint>
    <spawnpoint id="spawnpoint (Cheetah) (33)" vehicle="415" alpha="255" interior="0" posX="4922.5" posY="-2007.7998" posZ="2.2" rotX="0" rotY="0" rotZ="90"></spawnpoint>
    <spawnpoint id="spawnpoint (Cheetah) (34)" vehicle="415" alpha="255" interior="0" posX="4923.4004" posY="-1977.2998" posZ="2.2" rotX="0" rotY="0" rotZ="90"></spawnpoint>
    <spawnpoint id="spawnpoint (Cheetah) (35)" vehicle="415" alpha="255" interior="0" posX="4923.1006" posY="-1948.7002" posZ="2.2" rotX="0" rotY="0" rotZ="90"></spawnpoint>
    <spawnpoint id="spawnpoint (Cheetah) (38)" vehicle="415" posX="4769.2998" posY="-1944.7002" posZ="2.2" rotX="0" rotY="0" rotZ="270"></spawnpoint>
    <spawnpoint id="spawnpoint (Cheetah) (39)" vehicle="415" alpha="255" interior="0" posX="4768.7998" posY="-1977.2998" posZ="2.2" rotX="0" rotY="0" rotZ="270"></spawnpoint>
    <spawnpoint id="spawnpoint (Cheetah) (40)" vehicle="415" alpha="255" interior="0" posX="4769.2002" posY="-2007.5996" posZ="2.2" rotX="0" rotY="0" rotZ="270"></spawnpoint>
    <spawnpoint id="spawnpoint (Cheetah) (41)" vehicle="415" posX="4768" posY="-2002" posZ="18.9" rotX="0" rotY="0" rotZ="270"></spawnpoint>
    <spawnpoint id="spawnpoint (Cheetah) (42)" vehicle="415" alpha="255" interior="0" posX="4768.6006" posY="-1983.7998" posZ="18.9" rotX="0" rotY="0" rotZ="270"></spawnpoint>
    <spawnpoint id="spawnpoint (Cheetah) (44)" vehicle="415" posX="4922.3999" posY="-2002.1" posZ="18.9" rotX="0" rotY="0" rotZ="90"></spawnpoint>
    <spawnpoint id="spawnpoint (Cheetah) (45)" vehicle="415" alpha="255" interior="0" posX="4922.2002" posY="-1984.3" posZ="18.9" rotX="0" rotY="0" rotZ="90"></spawnpoint>
    <spawnpoint id="spawnpoint (Cheetah) (46)" vehicle="415" alpha="255" interior="0" posX="4921.9004" posY="-1945.5" posZ="18.9" rotX="0" rotY="0" rotZ="90"></spawnpoint>
    <spawnpoint id="spawnpoint (Cheetah) (47)" vehicle="415" alpha="255" interior="0" posX="4768.6006" posY="-1945.5" posZ="19.6" rotX="0" rotY="0" rotZ="270"></spawnpoint>
    <object id="object (des_rockgp2_05) (1)" breakable="true" interior="0" collisions="true" alpha="255" model="16118" doublesided="false" scale="1" dimension="0" posX="5043.6001" posY="-1938.5" posZ="0" rotX="0" rotY="0" rotZ="22"></object>
    <object id="object (des_rockgp2_05) (2)" breakable="true" interior="0" collisions="true" alpha="255" model="16118" doublesided="false" scale="1" dimension="0" posX="5045.5" posY="-1982" posZ="0" rotX="0" rotY="0" rotZ="357.995"></object>
    <object id="object (des_rockgp2_05) (3)" breakable="true" interior="0" collisions="true" alpha="255" model="16118" doublesided="false" scale="1" dimension="0" posX="5040.3999" posY="-2029.9" posZ="0" rotX="0" rotY="0" rotZ="357.99"></object>
    <object id="object (des_rockgp2_05) (4)" breakable="true" interior="0" collisions="true" alpha="255" model="16118" doublesided="false" scale="1" dimension="0" posX="5038.2998" posY="-2082.5996" posZ="0" rotX="0" rotY="0" rotZ="349.986"></object>
    <object id="object (des_rockgp2_05) (5)" breakable="true" interior="0" collisions="true" alpha="255" model="16118" doublesided="false" scale="1" dimension="0" posX="5009.7002" posY="-2125.5" posZ="0" rotX="0" rotY="0" rotZ="313.986"></object>
    <object id="object (des_rockgp2_05) (6)" breakable="true" interior="0" collisions="true" alpha="255" model="16118" doublesided="false" scale="1" dimension="0" posX="4955" posY="-2135.5" posZ="0" rotX="0" rotY="0" rotZ="263.984"></object>
    <object id="object (des_rockgp2_05) (7)" breakable="true" interior="0" collisions="true" alpha="255" model="16118" doublesided="false" scale="1" dimension="0" posX="4910.7002" posY="-2120.7" posZ="0" rotX="0" rotY="0" rotZ="249.979"></object>
    <object id="object (des_rockgp2_05) (8)" breakable="true" interior="0" collisions="true" alpha="255" model="16118" doublesided="false" scale="1" dimension="0" posX="4862.1006" posY="-2110.2002" posZ="0" rotX="0" rotY="0" rotZ="249.972"></object>
    <object id="object (des_rockgp2_05) (9)" breakable="true" interior="0" collisions="true" alpha="255" model="16118" doublesided="false" scale="1" dimension="0" posX="4813.7998" posY="-2109.2998" posZ="0" rotX="0" rotY="0" rotZ="259.975"></object>
    <object id="object (des_rockgp2_05) (10)" breakable="true" interior="0" collisions="true" alpha="255" model="16118" doublesided="false" scale="1" dimension="0" posX="4762" posY="-2112.2" posZ="0" rotX="0" rotY="0" rotZ="267.975"></object>
    <object id="object (des_rockgp2_05) (11)" breakable="true" interior="0" collisions="true" alpha="255" model="16118" doublesided="false" scale="1" dimension="0" posX="4716.5" posY="-2091.8994" posZ="0" rotX="0" rotY="0" rotZ="237.969"></object>
    <object id="object (des_rockgp2_05) (13)" breakable="true" interior="0" collisions="true" alpha="255" model="16118" doublesided="false" scale="1" dimension="0" posX="4679.1001" posY="-2055" posZ="0" rotX="0" rotY="0" rotZ="225.969"></object>
    <object id="object (des_rockgp2_05) (14)" breakable="true" interior="0" collisions="true" alpha="255" model="16118" doublesided="false" scale="1" dimension="0" posX="4664.5" posY="-2002.7" posZ="0" rotX="0" rotY="0" rotZ="189.967"></object>
    <object id="object (des_rockgp2_05) (15)" breakable="true" interior="0" collisions="true" alpha="255" model="16118" doublesided="false" scale="1" dimension="0" posX="4660.5" posY="-1953" posZ="0" rotX="0" rotY="0" rotZ="181.965"></object>
    <object id="object (des_rockgp2_05) (16)" breakable="true" interior="0" collisions="true" alpha="255" model="16118" doublesided="false" scale="1" dimension="0" posX="4668.7002" posY="-1904.6" posZ="0" rotX="0" rotY="0" rotZ="167.961"></object>
    <object id="object (des_rockgp2_05) (17)" breakable="true" interior="0" collisions="true" alpha="255" model="16118" doublesided="false" scale="1" dimension="0" posX="4700.2002" posY="-1864.8" posZ="0" rotX="0" rotY="0" rotZ="123.959"></object>
    <object id="object (des_rockgp2_05) (18)" breakable="true" interior="0" collisions="true" alpha="255" model="16118" doublesided="false" scale="1" dimension="0" posX="4750.7998" posY="-1847.1" posZ="0" rotX="0" rotY="0" rotZ="99.959"></object>
    <object id="object (des_rockgp2_05) (19)" breakable="true" interior="0" collisions="true" alpha="255" model="16118" doublesided="false" scale="1" dimension="0" posX="4802.1001" posY="-1840.5" posZ="0" rotX="0" rotY="0" rotZ="99.954"></object>
    <object id="object (des_rockgp2_05) (20)" breakable="true" interior="0" collisions="true" alpha="255" model="16118" doublesided="false" scale="1" dimension="0" posX="4853.6001" posY="-1838.2" posZ="0" rotX="0" rotY="0" rotZ="99.954"></object>
    <object id="object (des_rockgp2_05) (21)" breakable="true" interior="0" collisions="true" alpha="255" model="16118" doublesided="false" scale="1" dimension="0" posX="4901" posY="-1844.2" posZ="0" rotX="0" rotY="0" rotZ="89.954"></object>
    <object id="object (des_rockgp2_05) (22)" breakable="true" interior="0" collisions="true" alpha="255" model="16118" doublesided="false" scale="1" dimension="0" posX="4954.7998" posY="-1854.1" posZ="0" rotX="0" rotY="0" rotZ="79.951"></object>
    <object id="object (des_rockgp2_05) (23)" breakable="true" interior="0" collisions="true" alpha="255" model="16118" doublesided="false" scale="1" dimension="0" posX="5001.7998" posY="-1866.6" posZ="0" rotX="0" rotY="0" rotZ="79.948"></object>
    <object id="object (des_rockgp2_05) (24)" breakable="true" interior="0" collisions="true" alpha="255" model="16118" doublesided="false" scale="1" dimension="0" posX="5029.5" posY="-1898.5" posZ="0" rotX="0" rotY="0" rotZ="33.948"></object>
    <object id="object (vgsN_addboard03) (1)" breakable="true" interior="0" collisions="true" alpha="255" model="7301" doublesided="false" scale="10" dimension="0" posX="5036.1006" posY="-1997.5" posZ="38.5" rotX="0" rotY="0" rotZ="47.999"></object>
    <racepickup id="racepickup (NRG-500) (5)" type="repair" vehicle="522" respawn="0" posX="4987" posY="-1973.6" posZ="24.4" rotX="0" rotY="0" rotZ="55.8"></racepickup>
    <racepickup id="racepickup (NRG-500) (6)" type="repair" vehicle="522" respawn="0" alpha="255" interior="0" posX="4987" posY="-1978.3" posZ="24.4" rotX="0" rotY="0" rotZ="190.44"></racepickup>
    <racepickup id="racepickup (NRG-500) (7)" type="repair" vehicle="522" respawn="0" alpha="255" interior="0" posX="4987" posY="-1982.9" posZ="24.5" rotX="0" rotY="0" rotZ="28.26"></racepickup>
    <racepickup id="racepickup (NRG-500) (8)" type="repair" vehicle="522" respawn="0" alpha="255" interior="0" posX="4987" posY="-1988.8" posZ="24.5" rotX="0" rotY="0" rotZ="251.46"></racepickup>
    <racepickup id="racepickup (NRG-500) (9)" type="repair" vehicle="522" respawn="0" alpha="255" interior="0" posX="4987" posY="-1994" posZ="24.5" rotX="0" rotY="0" rotZ="251.1"></racepickup>
    <racepickup id="racepickup (NRG-500) (10)" type="repair" vehicle="522" respawn="0" alpha="255" interior="0" posX="4987" posY="-1999.4" posZ="24.5" rotX="0" rotY="0" rotZ="215.64"></racepickup>
    <racepickup id="racepickup (NRG-500) (11)" type="repair" vehicle="522" respawn="0" alpha="255" interior="0" posX="4987" posY="-2004.2" posZ="24.5" rotX="0" rotY="0" rotZ="117.36"></racepickup>
    <racepickup id="racepickup (NRG-500) (12)" type="repair" vehicle="522" respawn="0" alpha="255" interior="0" posX="4987" posY="-2011" posZ="24.5" rotX="0" rotY="0" rotZ="127.8"></racepickup>
    <object id="object (vgsN_addboard03) (3)" breakable="true" interior="0" collisions="true" alpha="255" model="7301" doublesided="false" scale="10" dimension="0" posX="4671.8999" posY="-1974.4" posZ="42.8" rotX="0" rotY="0" rotZ="228"></object>
    <racepickup id="racepickup (NRG-500) (15)" type="nitro" vehicle="522" respawn="0" posX="4907.5" posY="-1897.4" posZ="3.1" rotX="0" rotY="0" rotZ="85.86"></racepickup>
    <racepickup id="racepickup (NRG-500) (16)" type="nitro" vehicle="522" respawn="0" posX="4782.7002" posY="-1900" posZ="3.1" rotX="0" rotY="0" rotZ="129.06"></racepickup>
    <racepickup id="racepickup (NRG-500) (17)" type="nitro" vehicle="522" respawn="0" posX="4723.5" posY="-1922.5" posZ="19.8" rotX="0" rotY="0" rotZ="130.5"></racepickup>
    <racepickup id="racepickup (NRG-500) (18)" type="nitro" vehicle="522" respawn="0" posX="4969.6006" posY="-1922.5" posZ="19.9" rotX="0" rotY="0" rotZ="123.3"></racepickup>
    <racepickup id="racepickup (NRG-500) (19)" type="nitro" vehicle="522" respawn="0" posX="4972.2998" posY="-2042.7" posZ="19.3" rotX="0" rotY="0" rotZ="345.78"></racepickup>
    <racepickup id="racepickup (NRG-500) (20)" type="nitro" vehicle="522" respawn="0" posX="4724" posY="-2042.4" posZ="19.8" rotX="0" rotY="0" rotZ="239.58"></racepickup>
    <racepickup id="racepickup (NRG-500) (21)" type="nitro" vehicle="522" respawn="0" posX="4906.2002" posY="-2022.1" posZ="19.9" rotX="0" rotY="0" rotZ="78.66"></racepickup>
    <racepickup id="racepickup (NRG-500) (30)" type="repair" vehicle="522" respawn="0" posX="4704.5" posY="-2010.9" posZ="24.3" rotX="0" rotY="0" rotZ="264.24"></racepickup>
    <racepickup id="racepickup (NRG-500) (31)" type="repair" vehicle="522" respawn="0" alpha="255" interior="0" posX="4704.6001" posY="-2006.3" posZ="24.3" rotX="0" rotY="0" rotZ="231.3"></racepickup>
    <racepickup id="racepickup (NRG-500) (33)" type="repair" vehicle="522" respawn="0" alpha="255" interior="0" posX="4705" posY="-2001" posZ="24.3" rotX="0" rotY="0" rotZ="159.12"></racepickup>
    <racepickup id="racepickup (NRG-500) (34)" type="repair" vehicle="522" respawn="0" alpha="255" interior="0" posX="4704.8999" posY="-1996.2" posZ="24.3" rotX="0" rotY="0" rotZ="58.14"></racepickup>
    <racepickup id="racepickup (NRG-500) (36)" type="repair" vehicle="522" respawn="0" alpha="255" interior="0" posX="4704.7998" posY="-1990.4" posZ="24.3" rotX="0" rotY="0" rotZ="314.28"></racepickup>
    <racepickup id="racepickup (NRG-500) (37)" type="repair" vehicle="522" respawn="0" alpha="255" interior="0" posX="4705" posY="-1984.9" posZ="24.3" rotX="0" rotY="0" rotZ="133.56"></racepickup>
    <racepickup id="racepickup (NRG-500) (38)" type="repair" vehicle="522" respawn="0" alpha="255" interior="0" posX="4704.8999" posY="-1978.7" posZ="24.3" rotX="0" rotY="0" rotZ="169.38"></racepickup>
    <racepickup id="racepickup (NRG-500) (39)" type="repair" vehicle="522" respawn="0" alpha="255" interior="0" posX="4704.8999" posY="-1973.3" posZ="24.3" rotX="0" rotY="0" rotZ="197.82"></racepickup>
    <racepickup id="racepickup (NRG-500) (40)" type="repair" vehicle="522" respawn="0" alpha="255" interior="0" posX="4987" posY="-2007.9" posZ="24.5" rotX="0" rotY="0" rotZ="263.16"></racepickup>
    <object id="object (GB_kitchdirt03) (1)" breakable="true" interior="0" collisions="true" alpha="255" model="2849" doublesided="false" scale="1" dimension="0" posX="4911.2002" posY="-1977.7" posZ="1.5" rotX="0" rotY="0" rotZ="0"></object>
    <object id="object (vgshseing28) (51)" breakable="true" interior="0" collisions="true" alpha="255" model="8558" doublesided="false" scale="1" dimension="0" posX="4867.3999" posY="-1961.3" posZ="16.7" rotX="0" rotY="0" rotZ="223.995"></object>
    <object id="object (vgshseing28) (52)" breakable="true" interior="0" collisions="true" alpha="255" model="8558" doublesided="false" scale="1" dimension="0" posX="4861.6001" posY="-1961.4" posZ="16.7" rotX="0" rotY="0" rotZ="135.989"></object>
    <object id="object (vgshseing28) (57)" breakable="true" interior="0" collisions="true" alpha="255" model="8558" doublesided="false" scale="1" dimension="0" posX="4860.8999" posY="-2018.9" posZ="16.8" rotX="0" rotY="0" rotZ="133.995"></object>
    <object id="object (vgshseing28) (58)" breakable="true" interior="0" collisions="true" alpha="255" model="8558" doublesided="false" scale="1" dimension="0" posX="4861.1001" posY="-2025.8" posZ="16.80106" rotX="0" rotY="0" rotZ="45.994"></object>
    <spawnpoint id="spawnpoint (Cheetah) (1)" vehicle="415" posX="4844.5" posY="-2040.3" posZ="19" rotX="0" rotY="0" rotZ="0"></spawnpoint>
    <spawnpoint id="spawnpoint (Cheetah) (3)" vehicle="415" alpha="255" interior="0" posX="4885" posY="-2037.3" posZ="19" rotX="0" rotY="0" rotZ="0"></spawnpoint>
    <object id="object (funturf_law) (3)" breakable="true" interior="0" collisions="true" alpha="255" model="2898" doublesided="false" scale="1" dimension="0" posX="485.80908" posY="-1988.3009" posZ="18.21" rotX="0" rotY="0" rotZ="90"></object>
    <object id="object (vgshseing28) (60)" breakable="true" interior="0" collisions="true" alpha="255" model="8558" doublesided="false" scale="1" dimension="0" posX="4820.5" posY="-1960.9" posZ="16.7" rotX="0" rotY="0" rotZ="137.988"></object>
    <object id="object (vgshseing28) (61)" breakable="true" interior="0" collisions="true" alpha="255" model="8558" doublesided="false" scale="1" dimension="0" posX="4828" posY="-2026.2" posZ="16.7" rotX="0" rotY="0" rotZ="135.736"></object>
    <object id="object (vgshseing28) (62)" breakable="true" interior="0" collisions="true" alpha="255" model="8558" doublesided="false" scale="1" dimension="0" posX="4820.5" posY="-1967.7" posZ="16.7" rotX="0" rotY="0" rotZ="43.984"></object>
    <object id="object (vgshseing28) (63)" breakable="true" interior="0" collisions="true" alpha="255" model="8558" doublesided="false" scale="1" dimension="0" posX="4820.7002" posY="-2025.9" posZ="16.7" rotX="0" rotY="0" rotZ="43.731"></object>
    <object id="object (vgshseing28) (64)" breakable="true" interior="0" collisions="true" alpha="255" model="8558" doublesided="false" scale="1" dimension="0" posX="4786.7002" posY="-2026" posZ="16.7" rotX="0" rotY="0" rotZ="135.994"></object>
    <object id="object (vgshseing28) (65)" breakable="true" interior="0" collisions="true" alpha="255" model="8558" doublesided="false" scale="1" dimension="0" posX="4786.7002" posY="-2019" posZ="16.7" rotX="0" rotY="0" rotZ="43.989"></object>
    <racepickup id="racepickup (NRG-500) (41)" type="nitro" vehicle="522" respawn="0" alpha="255" interior="0" posX="4864.8999" posY="-1964.3" posZ="19.9" rotX="0" rotY="0" rotZ="29.7"></racepickup>
    <object id="object (vgshseing28) (66)" breakable="true" interior="0" collisions="true" alpha="255" model="8558" doublesided="false" scale="1" dimension="0" posX="4786.7002" posY="-1968" posZ="16.7" rotX="0" rotY="0" rotZ="137.994"></object>
    <object id="object (vgshseing28) (67)" breakable="true" interior="0" collisions="true" alpha="255" model="8558" doublesided="false" scale="1" dimension="0" posX="4786.7998" posY="-1961.7" posZ="16.7" rotX="0" rotY="0" rotZ="43.989"></object>
    <racepickup id="racepickup (NRG-500) (42)" type="nitro" vehicle="522" respawn="0" alpha="255" interior="0" posX="4930" posY="-1992.6" posZ="3.1" rotX="0" rotY="0" rotZ="208.44"></racepickup>
    <racepickup id="racepickup (NRG-500) (43)" type="nitro" vehicle="522" respawn="0" alpha="255" interior="0" posX="4764" posY="-1992.1" posZ="3.1" rotX="0" rotY="0" rotZ="188.46"></racepickup>
    <object id="object (vgshseing28) (68)" breakable="true" interior="0" collisions="true" alpha="255" model="8558" doublesided="false" scale="1" dimension="0" posX="4901.6001" posY="-1960.7" posZ="16.7" rotX="0" rotY="0" rotZ="139.993"></object>
    <object id="object (vgshseing28) (69)" breakable="true" interior="0" collisions="true" alpha="255" model="8558" doublesided="false" scale="1" dimension="0" posX="4901.8999" posY="-1968.2419" posZ="16.7" rotX="0" rotY="0" rotZ="39.99"></object>
    <object id="object (vgshseing28) (70)" breakable="true" interior="0" collisions="true" alpha="255" model="8558" doublesided="false" scale="1" dimension="0" posX="4911.5" posY="-2026.9" posZ="16.7" rotX="0" rotY="0" rotZ="317.999"></object>
    <object id="object (vgshseing28) (71)" breakable="true" interior="0" collisions="true" alpha="255" model="8558" doublesided="false" scale="1" dimension="0" posX="4910.6001" posY="-2018.23" posZ="16.701" rotX="0" rotY="0" rotZ="41.995"></object>
    <racepickup id="racepickup (NRG-500) (45)" type="nitro" vehicle="522" respawn="0" alpha="255" interior="0" posX="4803.9004" posY="-1992.9004" posZ="19.8" rotX="0" rotY="0" rotZ="137.52"></racepickup>
    <racepickup id="racepickup (NRG-500) (46)" type="nitro" vehicle="522" respawn="0" posX="4844.6001" posY="-1991.9" posZ="19.9" rotX="0" rotY="0" rotZ="236.34"></racepickup>
    <racepickup id="racepickup (NRG-500) (47)" type="nitro" vehicle="522" respawn="0" alpha="255" interior="0" posX="4884.6001" posY="-1990.8" posZ="19.9" rotX="0" rotY="0" rotZ="226.98"></racepickup>
    <object id="object (vgshseing28) (8)" breakable="true" interior="0" collisions="true" alpha="255" model="8558" doublesided="false" scale="1" dimension="0" posX="4910.6001" posY="-1960.95" posZ="16.702" rotX="0" rotY="0" rotZ="39.99"></object>
    <object id="object (vgshseing28) (9)" breakable="true" interior="0" collisions="true" alpha="255" model="8558" doublesided="false" scale="1" dimension="0" posX="4910.7998" posY="-1968.4399" posZ="16.701" rotX="0" rotY="0" rotZ="139.993"></object>
    <object id="object (vgshseing28) (20)" breakable="true" interior="0" collisions="true" alpha="255" model="8558" doublesided="false" scale="1" dimension="0" posX="4861.2002" posY="-1967.3" posZ="16.701" rotX="0" rotY="0" rotZ="223.995"></object>
    <object id="object (vgshseing28) (22)" breakable="true" interior="0" collisions="true" alpha="255" model="8558" doublesided="false" scale="1" dimension="0" posX="4867.7998" posY="-1967.37" posZ="16.70301" rotX="0" rotY="0" rotZ="135.989"></object>
    <object id="object (vgshseing28) (25)" breakable="true" interior="0" collisions="true" alpha="255" model="8558" doublesided="false" scale="1" dimension="0" posX="4827.6001" posY="-1967.3" posZ="16.702" rotX="0" rotY="0" rotZ="137.988"></object>
    <object id="object (vgshseing28) (38)" breakable="true" interior="0" collisions="true" alpha="255" model="8558" doublesided="false" scale="1" dimension="0" posX="4827.2998" posY="-1961.14" posZ="16.70081" rotX="0" rotY="0" rotZ="43.984"></object>
    <object id="object (vgshseing28) (44)" breakable="true" interior="0" collisions="true" alpha="255" model="8558" doublesided="false" scale="1" dimension="0" posX="4901.3999" posY="-2026.5" posZ="16.7" rotX="0" rotY="0" rotZ="41.995"></object>
    <object id="object (vgshseing28) (45)" breakable="true" interior="0" collisions="true" alpha="255" model="8558" doublesided="false" scale="1" dimension="0" posX="4900.7998" posY="-2017.25" posZ="16.702" rotX="0" rotY="0" rotZ="317.999"></object>
    <object id="object (vgshseing28) (50)" breakable="true" interior="0" collisions="true" alpha="255" model="8558" doublesided="false" scale="1" dimension="0" posX="4868.7002" posY="-2026.9399" posZ="16.7888" rotX="0" rotY="0" rotZ="133.995"></object>
    <object id="object (vgshseing28) (59)" breakable="true" interior="0" collisions="true" alpha="255" model="8558" doublesided="false" scale="1" dimension="0" posX="4867.8999" posY="-2018.8" posZ="16.8" rotX="0" rotY="0" rotZ="45.994"></object>
    <object id="object (vgshseing28) (72)" breakable="true" interior="0" collisions="true" alpha="255" model="8558" doublesided="false" scale="1" dimension="0" posX="4819.7002" posY="-2018.1" posZ="16.701" rotX="0" rotY="0" rotZ="135.736"></object>
    <object id="object (vgshseing28) (73)" breakable="true" interior="0" collisions="true" alpha="255" model="8558" doublesided="false" scale="1" dimension="0" posX="4827.9097" posY="-2019" posZ="16.702" rotX="0" rotY="0" rotZ="43.731"></object>
    <object id="object (vgshseing28) (74)" breakable="true" interior="0" collisions="true" alpha="255" model="8558" doublesided="false" scale="1" dimension="0" posX="4779.7002" posY="-2025.75" posZ="16.702" rotX="0" rotY="0" rotZ="43.989"></object>
    <object id="object (vgshseing28) (75)" breakable="true" interior="0" collisions="true" alpha="255" model="8558" doublesided="false" scale="1" dimension="0" posX="4779.6001" posY="-2019.1" posZ="16.7025" rotX="0" rotY="0" rotZ="135.994"></object>
    <object id="object (vgshseing28) (76)" breakable="true" interior="0" collisions="true" alpha="255" model="8558" doublesided="false" scale="1" dimension="0" posX="4780" posY="-1961.97" posZ="16.702" rotX="0" rotY="0" rotZ="137.994"></object>
    <object id="object (vgshseing28) (77)" breakable="true" interior="0" collisions="true" alpha="255" model="8558" doublesided="false" scale="1" dimension="0" posX="4780.6001" posY="-1967.7" posZ="16.703" rotX="0" rotY="0" rotZ="43.989"></object>
    <object id="object (vgshseing28) (78)" breakable="true" interior="0" collisions="true" alpha="255" model="8558" doublesided="false" scale="1" dimension="0" posX="4907.2998" posY="-1992.5" posZ="0.001" rotX="0" rotY="0" rotZ="0"></object>
    <object id="object (vgshseing28) (79)" breakable="true" interior="0" collisions="true" alpha="255" model="8558" doublesided="false" scale="1" dimension="0" posX="4825.2002" posY="-1992.5" posZ="0.001" rotX="0" rotY="0" rotZ="0"></object>
    <object id="object (vgshseing28) (80)" breakable="true" interior="0" collisions="true" alpha="255" model="8558" doublesided="false" scale="1" dimension="0" posX="4786.1001" posY="-1992.5" posZ="0.001" rotX="0" rotY="0" rotZ="0"></object>
    <object id="object (vgshseing28) (81)" breakable="true" interior="0" collisions="true" alpha="255" model="8558" doublesided="false" scale="1" dimension="0" posX="4742.1006" posY="-1992.5" posZ="0.002" rotX="0" rotY="0" rotZ="0"></object>
    <object id="object (vgshseing28) (82)" breakable="true" interior="0" collisions="true" alpha="255" model="8558" doublesided="false" scale="1" dimension="0" posX="4951.2998" posY="-1992.5" posZ="0" rotX="0" rotY="0" rotZ="0"></object>
    <object id="object (waterjump1) (1)" breakable="true" interior="0" collisions="true" alpha="255" model="1632" doublesided="false" scale="1" dimension="0" posX="4851.8999" posY="-1992.5" posZ="2.59" rotX="0" rotY="0" rotZ="270"></object>
    <object id="object (waterjump1) (2)" breakable="true" interior="0" collisions="true" alpha="255" model="1632" doublesided="false" scale="1" dimension="0" posX="4877.1802" posY="-1992.5" posZ="2.653" rotX="0" rotY="0" rotZ="90"></object>
    <racepickup id="racepickup (NRG-500) (13)" type="repair" vehicle="522" respawn="0" posX="4864.3999" posY="-1992.6" posZ="9" rotX="0" rotY="0" rotZ="196.02"></racepickup>
    <racepickup id="racepickup (NRG-500) (14)" type="nitro" vehicle="522" respawn="0" alpha="255" interior="0" posX="4864.4004" posY="-1992.5996" posZ="9" rotX="0" rotY="0" rotZ="5.94"></racepickup>
    <object id="object (vgshseing28) (84)" breakable="true" interior="0" collisions="true" alpha="255" model="8558" doublesided="false" scale="1" dimension="0" posX="4785.8999" posY="-1961.2" posZ="0.001" rotX="0" rotY="0" rotZ="0"></object>
    <object id="object (vgshseing28) (91)" breakable="true" interior="0" collisions="true" alpha="255" model="8558" doublesided="false" scale="1" dimension="0" posX="4785.7998" posY="-2025" posZ="0.001" rotX="0" rotY="0" rotZ="0"></object>
    <object id="object (vgshseing28) (98)" breakable="true" interior="0" collisions="true" alpha="255" model="8558" doublesided="false" scale="1" dimension="0" posX="4785.3999" posY="-1944.9" posZ="0" rotX="0" rotY="0" rotZ="270"></object>
    <object id="object (vgshseing28) (99)" breakable="true" interior="0" collisions="true" alpha="255" model="8558" doublesided="false" scale="1" dimension="0" posX="4785.3999" posY="-1985.2" posZ="0.0003" rotX="0" rotY="0" rotZ="270"></object>
    <object id="object (vgshseing28) (101)" breakable="true" interior="0" collisions="true" alpha="255" model="8558" doublesided="false" scale="1" dimension="0" posX="4785.3799" posY="-2024.5" posZ="0" rotX="0" rotY="0" rotZ="270"></object>
    <object id="object (vgshseing28) (107)" breakable="true" interior="0" collisions="true" alpha="255" model="8558" doublesided="false" scale="1" dimension="0" posX="4823.7998" posY="-2019.9" posZ="0" rotX="0" rotY="0" rotZ="270"></object>
    <object id="object (vgshseing28) (109)" breakable="true" interior="0" collisions="true" alpha="255" model="8558" doublesided="false" scale="1" dimension="0" posX="4823.7998" posY="-1979.6" posZ="0.0015" rotX="0" rotY="0" rotZ="270"></object>
    <object id="object (vgshseing28) (115)" breakable="true" interior="0" collisions="true" alpha="255" model="8558" doublesided="false" scale="1" dimension="0" posX="4823.7891" posY="-1944.5" posZ="0.001" rotX="0" rotY="0" rotZ="270"></object>
    <object id="object (vgshseing28) (117)" breakable="true" interior="0" collisions="true" alpha="255" model="8558" doublesided="false" scale="1" dimension="0" posX="4825.8906" posY="-1961.1895" posZ="0.002" rotX="0" rotY="0" rotZ="0"></object>
    <object id="object (vgshseing28) (172)" breakable="true" interior="0" collisions="true" alpha="255" model="8558" doublesided="false" scale="1" dimension="0" posX="4866.8901" posY="-1961.1801" posZ="0.0019" rotX="0" rotY="0" rotZ="0"></object>
    <object id="object (vgshseing28) (175)" breakable="true" interior="0" collisions="true" alpha="255" model="8558" doublesided="false" scale="1" dimension="0" posX="4907.2998" posY="-1961.1899" posZ="0.001" rotX="0" rotY="0" rotZ="0"></object>
    <object id="object (vgshseing28) (178)" breakable="true" interior="0" collisions="true" alpha="255" model="8558" doublesided="false" scale="1" dimension="0" posX="4907.2002" posY="-1945.5" posZ="0" rotX="0" rotY="0" rotZ="270"></object>
    <object id="object (vgshseing28) (180)" breakable="true" interior="0" collisions="true" alpha="255" model="8558" doublesided="false" scale="1" dimension="0" posX="4907.5" posY="-1935.9" posZ="0.001" rotX="0" rotY="0" rotZ="359.995"></object>
    <object id="object (vgshseing28) (185)" breakable="true" interior="0" collisions="true" alpha="255" model="8558" doublesided="false" scale="1" dimension="0" posX="4907.2002" posY="-1985.8199" posZ="0.0005" rotX="0" rotY="0" rotZ="270"></object>
    <object id="object (vgshseing28) (186)" breakable="true" interior="0" collisions="true" alpha="255" model="8558" doublesided="false" scale="1" dimension="0" posX="4907.2002" posY="-2024.2" posZ="0" rotX="0" rotY="0" rotZ="270"></object>
    <object id="object (vgshseing28) (187)" breakable="true" interior="0" collisions="true" alpha="255" model="8558" doublesided="false" scale="1" dimension="0" posX="4907.1001" posY="-2025" posZ="0.001" rotX="0" rotY="0" rotZ="0"></object>
    <object id="object (vgshseing28) (188)" breakable="true" interior="0" collisions="true" alpha="255" model="8558" doublesided="false" scale="1" dimension="0" posX="4867" posY="-2025" posZ="0.001" rotX="0" rotY="0" rotZ="0"></object>
    <object id="object (vgshseing28) (189)" breakable="true" interior="0" collisions="true" alpha="255" model="8558" doublesided="false" scale="1" dimension="0" posX="4822.6001" posY="-2025" posZ="0.001" rotX="0" rotY="0" rotZ="0"></object>
    <object id="object (vgshseing28) (190)" breakable="true" interior="0" collisions="true" alpha="255" model="8558" doublesided="false" scale="1" dimension="0" posX="4864.2998" posY="-2021.9" posZ="0" rotX="0" rotY="0" rotZ="270"></object>
    <object id="object (vgshseing28) (191)" breakable="true" interior="0" collisions="true" alpha="255" model="8558" doublesided="false" scale="1" dimension="0" posX="4864.2998" posY="-1959.0996" posZ="0" rotX="0" rotY="0" rotZ="270"></object>
    <object id="object (vgshseing28) (192)" breakable="true" interior="0" collisions="true" alpha="255" model="8558" doublesided="false" scale="1" dimension="0" posX="4864.2998" posY="-1940.4" posZ="0.00162" rotX="0" rotY="0" rotZ="270"></object>
    <object id="object (vgshseing28) (194)" breakable="true" interior="0" collisions="true" alpha="255" model="8558" doublesided="false" scale="1" dimension="0" posX="4786.5" posY="-1933.9" posZ="0" rotX="0" rotY="0" rotZ="357.99"></object>
    <object id="object (vgshseing28) (195)" breakable="true" interior="0" collisions="true" alpha="255" model="8558" doublesided="false" scale="1" dimension="0" posX="4826.7998" posY="-1935.3" posZ="0" rotX="0" rotY="0" rotZ="357.99"></object>
    <object id="object (vgshseing28) (196)" breakable="true" interior="0" collisions="true" alpha="255" model="8558" doublesided="false" scale="1" dimension="0" posX="4862.2002" posY="-1935.8" posZ="0" rotX="0" rotY="0" rotZ="180"></object>
    <object id="object (waterjump1) (3)" breakable="true" interior="0" collisions="true" alpha="255" model="1632" doublesided="false" scale="1" dimension="0" posX="4864.3999" posY="-2000.3" posZ="2.56" rotX="0" rotY="0" rotZ="0"></object>
    <object id="object (waterjump1) (4)" breakable="true" interior="0" collisions="true" alpha="255" model="1632" doublesided="false" scale="1" dimension="0" posX="4864.2998" posY="-1984.4297" posZ="2.58" rotX="0" rotY="0" rotZ="179.995"></object>
    <object id="object (vgshseing28) (197)" breakable="true" interior="0" collisions="true" alpha="255" model="8558" doublesided="false" scale="1" dimension="0" posX="4853.5" posY="-2064.7" posZ="5.24" rotX="0" rotY="345" rotZ="270"></object>
    <object id="object (vgshseing28) (198)" breakable="true" interior="0" collisions="true" alpha="255" model="8558" doublesided="false" scale="1" dimension="0" posX="4835.8799" posY="-2086.3799" posZ="10.41" rotX="0" rotY="0" rotZ="0"></object>
    <object id="object (vgshseing28) (199)" breakable="true" interior="0" collisions="true" alpha="255" model="8558" doublesided="false" scale="1" dimension="0" posX="4835.8789" posY="-2091.5" posZ="10.4099" rotX="0" rotY="0" rotZ="0"></object>
    <object id="object (vgshseing28) (201)" breakable="true" interior="0" collisions="true" alpha="255" model="8558" doublesided="false" scale="1" dimension="0" posX="4795.7998" posY="-2091.5" posZ="10.4" rotX="0" rotY="0" rotZ="0"></object>
    <object id="object (vgshseing28) (202)" breakable="true" interior="0" collisions="true" alpha="255" model="8558" doublesided="false" scale="1" dimension="0" posX="4795.7998" posY="-2086.3999" posZ="10.4" rotX="0" rotY="0" rotZ="0"></object>
    <object id="object (vgshseing28) (203)" breakable="true" interior="0" collisions="true" alpha="255" model="8558" doublesided="false" scale="1" dimension="0" posX="4778.2002" posY="-2063.6304" posZ="13.228" rotX="0" rotY="351.996" rotZ="90"></object>
    <object id="object (roofstuff15) (1)" breakable="true" interior="0" collisions="true" alpha="255" model="1696" doublesided="false" scale="1" dimension="0" posX="4782.7998" posY="-2047.47" posZ="17.228" rotX="0" rotY="0" rotZ="0"></object>
    <object id="object (vgshseing28) (204)" breakable="true" interior="0" collisions="true" alpha="255" model="8558" doublesided="false" scale="1" dimension="0" posX="4876.2002" posY="-2086.3999" posZ="10.4" rotX="0" rotY="0" rotZ="0"></object>
    <object id="object (vgshseing28) (205)" breakable="true" interior="0" collisions="true" alpha="255" model="8558" doublesided="false" scale="1" dimension="0" posX="4876.2002" posY="-2091.5" posZ="10.4" rotX="0" rotY="0" rotZ="0"></object>
    <object id="object (vgshseing28) (206)" breakable="true" interior="0" collisions="true" alpha="255" model="8558" doublesided="false" scale="1" dimension="0" posX="4893.7998" posY="-2063.6201" posZ="13.226" rotX="0" rotY="352" rotZ="90"></object>
    <object id="object (roofstuff15) (2)" breakable="true" interior="0" collisions="true" alpha="255" model="1696" doublesided="false" scale="1" dimension="0" posX="4893.2998" posY="-2047.45" posZ="17.317" rotX="0" rotY="0" rotZ="0"></object>
    <object id="object (vgshseing28) (208)" breakable="true" interior="0" collisions="true" alpha="255" model="8558" doublesided="false" scale="1" dimension="0" posX="4848.5" posY="-2064.6899" posZ="5.238" rotX="0" rotY="344.998" rotZ="270"></object>
    <object id="object (vgshseing28) (209)" breakable="true" interior="0" collisions="true" alpha="255" model="8558" doublesided="false" scale="1" dimension="0" posX="4837.5" posY="-2064.7" posZ="5.23" rotX="0" rotY="344.998" rotZ="270"></object>
    <object id="object (vgshseing28) (210)" breakable="true" interior="0" collisions="true" alpha="255" model="8558" doublesided="false" scale="1" dimension="0" posX="4832.5" posY="-2064.6899" posZ="5.233" rotX="0" rotY="344.998" rotZ="270"></object>
    <object id="object (vgshseing28) (211)" breakable="true" interior="0" collisions="true" alpha="255" model="8558" doublesided="false" scale="1" dimension="0" posX="4850" posY="-1900.4004" posZ="5.296" rotX="0" rotY="14.996" rotZ="270"></object>
    <object id="object (vgshseing28) (212)" breakable="true" interior="0" collisions="true" alpha="255" model="8558" doublesided="false" scale="1" dimension="0" posX="4867.6436" posY="-1873.613" posZ="10.469" rotX="0" rotY="0" rotZ="0"></object>
    <object id="object (vgshseing28) (213)" breakable="true" interior="0" collisions="true" alpha="255" model="8558" doublesided="false" scale="1" dimension="0" posX="4907.9902" posY="-1873.6133" posZ="10.469" rotX="0" rotY="0" rotZ="0"></object>
    <object id="object (vgshseing28) (214)" breakable="true" interior="0" collisions="true" alpha="255" model="8558" doublesided="false" scale="1" dimension="0" posX="4907.9902" posY="-1878.73" posZ="10.469" rotX="0" rotY="0" rotZ="0"></object>
    <object id="object (vgshseing28) (215)" breakable="true" interior="0" collisions="true" alpha="255" model="8558" doublesided="false" scale="1" dimension="0" posX="4814.79" posY="-1901.5" posZ="13.297" rotX="0" rotY="8" rotZ="90"></object>
    <object id="object (roofstuff15) (3)" breakable="true" interior="0" collisions="true" alpha="255" model="1696" doublesided="false" scale="1" dimension="0" posX="4925.75" posY="-1917.85" posZ="17.2178" rotX="0" rotY="0" rotZ="180"></object>
    <object id="object (vgshseing28) (216)" breakable="true" interior="0" collisions="true" alpha="255" model="8558" doublesided="false" scale="1" dimension="0" posX="48" posY="-1878.7295" posZ="10.469" rotX="0" rotY="0" rotZ="0"></object>
    <object id="object (vgshseing28) (217)" breakable="true" interior="0" collisions="true" alpha="255" model="8558" doublesided="false" scale="1" dimension="0" posX="4867.7002" posY="-1878.7295" posZ="10.469" rotX="0" rotY="0" rotZ="0"></object>
    <object id="object (vgshseing28) (218)" breakable="true" interior="0" collisions="true" alpha="255" model="8558" doublesided="false" scale="1" dimension="0" posX="4827.2998" posY="-1878.7295" posZ="10.469" rotX="0" rotY="0" rotZ="0"></object>
    <object id="object (vgshseing28) (219)" breakable="true" interior="0" collisions="true" alpha="255" model="8558" doublesided="false" scale="1" dimension="0" posX="4827.2998" posY="-1873.61" posZ="10.469" rotX="0" rotY="0" rotZ="0"></object>
    <object id="object (vgshseing28) (220)" breakable="true" interior="0" collisions="true" alpha="255" model="8558" doublesided="false" scale="1" dimension="0" posX="4925.6406" posY="-1901.5" posZ="13.3" rotX="0" rotY="7.998" rotZ="90"></object>
    <object id="object (roofstuff15) (4)" breakable="true" interior="0" collisions="true" alpha="255" model="1696" doublesided="false" scale="1" dimension="0" posX="4810.1523" posY="-1917.8496" posZ="17.2178" rotX="0" rotY="0" rotZ="179.995"></object>
    <object id="object (vgshseing28) (221)" breakable="true" interior="0" collisions="true" alpha="255" model="8558" doublesided="false" scale="1" dimension="0" posX="4809.6699" posY="-1901.5" posZ="13.297" rotX="0" rotY="7.998" rotZ="90"></object>
    <object id="object (roofstuff15) (6)" breakable="true" interior="0" collisions="true" alpha="255" model="1696" doublesided="false" scale="1" dimension="0" posX="4814.8999" posY="-1917.84" posZ="17.21" rotX="0" rotY="0" rotZ="179.995"></object>
    <object id="object (vgshseing28) (222)" breakable="true" interior="0" collisions="true" alpha="255" model="8558" doublesided="false" scale="1" dimension="0" posX="4920.52" posY="-1901.5" posZ="13.3" rotX="0" rotY="7.998" rotZ="90"></object>
    <object id="object (roofstuff15) (7)" breakable="true" interior="0" collisions="true" alpha="255" model="1696" doublesided="false" scale="1" dimension="0" posX="4921" posY="-1917.849" posZ="17.217" rotX="0" rotY="0" rotZ="179.995"></object>
    <object id="object (vgshseing28) (223)" breakable="true" interior="0" collisions="true" alpha="255" model="8558" doublesided="false" scale="1" dimension="0" posX="4855.1001" posY="-1900.4" posZ="5.3" rotX="0" rotY="14.996" rotZ="270"></object>
    <object id="object (vgshseing28) (224)" breakable="true" interior="0" collisions="true" alpha="255" model="8558" doublesided="false" scale="1" dimension="0" posX="4839.5" posY="-1900.4" posZ="5.3" rotX="0" rotY="14.996" rotZ="270"></object>
    <object id="object (vgshseing28) (225)" breakable="true" interior="0" collisions="true" alpha="255" model="8558" doublesided="false" scale="1" dimension="0" posX="4834.3999" posY="-1900.4" posZ="5.3" rotX="0" rotY="14.996" rotZ="270"></object>
    <object id="object (vgshseing28) (226)" breakable="true" interior="0" collisions="true" alpha="255" model="8558" doublesided="false" scale="1" dimension="0" posX="4783.2998" posY="-2063.6353" posZ="13.229" rotX="0" rotY="351.991" rotZ="90"></object>
    <object id="object (roofstuff15) (8)" breakable="true" interior="0" collisions="true" alpha="255" model="1696" doublesided="false" scale="1" dimension="0" posX="4778.0698" posY="-2047.4697" posZ="17.228" rotX="0" rotY="0" rotZ="0"></object>
    <object id="object (vgshseing28) (227)" breakable="true" interior="0" collisions="true" alpha="255" model="8558" doublesided="false" scale="1" dimension="0" posX="4888.7002" posY="-2063.6201" posZ="13.226" rotX="0" rotY="351.996" rotZ="90"></object>
    <object id="object (roofstuff15) (9)" breakable="true" interior="0" collisions="true" alpha="255" model="1696" doublesided="false" scale="1" dimension="0" posX="4888.5698" posY="-2047.4502" posZ="17.317" rotX="0" rotY="0" rotZ="0"></object>
    <racepickup id="racepickup (NRG-500) (1)" type="nitro" vehicle="522" respawn="0" posX="4843.1001" posY="-2089.3999" posZ="13.5" rotX="0" rotY="0" rotZ="107.46"></racepickup>
    <object id="object (ramplandpad01) (1)" breakable="true" interior="0" collisions="true" alpha="255" model="13649" doublesided="false" scale="1" dimension="0" posX="4783" posY="-1997.6" posZ="17.6" rotX="0" rotY="0" rotZ="0"></object>
    <object id="object (ramplandpad01) (2)" breakable="true" interior="0" collisions="true" alpha="255" model="13649" doublesided="false" scale="1" dimension="0" posX="4783" posY="-1992.7" posZ="17.6" rotX="0" rotY="0" rotZ="0"></object>
    <object id="object (ramplandpad01) (3)" breakable="true" interior="0" collisions="true" alpha="255" model="13649" doublesided="false" scale="1" dimension="0" posX="4783" posY="-1988" posZ="17.6" rotX="0" rotY="0" rotZ="0"></object>
    <object id="object (ramplandpad01) (7)" breakable="true" interior="0" collisions="true" alpha="255" model="13649" doublesided="false" scale="1" dimension="0" posX="4865" posY="-1988" posZ="17.6" rotX="0" rotY="0" rotZ="0"></object>
    <object id="object (ramplandpad01) (8)" breakable="true" interior="0" collisions="true" alpha="255" model="13649" doublesided="false" scale="1" dimension="0" posX="4865" posY="-1992.7002" posZ="17.6" rotX="0" rotY="0" rotZ="0"></object>
    <object id="object (ramplandpad01) (9)" breakable="true" interior="0" collisions="true" alpha="255" model="13649" doublesided="false" scale="1" dimension="0" posX="4865" posY="-1997.5996" posZ="17.6" rotX="0" rotY="0" rotZ="0"></object>
    <racepickup id="racepickup (NRG-500) (2)" type="nitro" vehicle="522" respawn="0" posX="4844.8999" posY="-1875.5" posZ="13.6" rotX="0" rotY="0" rotZ="251.64"></racepickup>
    <object id="object (bouy) (1)" breakable="true" interior="0" collisions="true" alpha="255" model="1243" doublesided="false" scale="1" dimension="0" posX="4785.2998" posY="-2054.3" posZ="-3" rotX="0" rotY="0" rotZ="0"></object>
    <object id="object (bouy) (2)" breakable="true" interior="0" collisions="true" alpha="255" model="1243" doublesided="false" scale="1" dimension="0" posX="4908.5" posY="-1912.7" posZ="-2" rotX="0" rotY="0" rotZ="0"></object>
    <object id="object (vgshseing28) (97)" breakable="true" interior="0" collisions="true" alpha="255" model="8558" doublesided="false" scale="1" dimension="0" posX="4745.7998" posY="-1989.7" posZ="0" rotX="0" rotY="0" rotZ="31.5"></object>
    <object id="object (vgshseing28) (176)" breakable="true" interior="0" collisions="true" alpha="255" model="8558" doublesided="false" scale="1" dimension="0" posX="4738.1001" posY="-1994.4301" posZ="0.00335" rotX="0" rotY="0" rotZ="31.498"></object>
    <object id="object (vgshseing28) (177)" breakable="true" interior="0" collisions="true" alpha="255" model="8558" doublesided="false" scale="1" dimension="0" posX="4744.7998" posY="-1994.7" posZ="0" rotX="0" rotY="0" rotZ="328"></object>
    <object id="object (vgshseing28) (193)" breakable="true" interior="0" collisions="true" alpha="255" model="8558" doublesided="false" scale="1" dimension="0" posX="4737.8999" posY="-1990.4" posZ="0.003" rotX="0" rotY="0" rotZ="327.997"></object>
    <object id="object (vgshseing28) (200)" breakable="true" interior="0" collisions="true" alpha="255" model="8558" doublesided="false" scale="1" dimension="0" posX="4948" posY="-1989.9" posZ="0" rotX="0" rotY="0" rotZ="327"></object>
    <object id="object (vgshseing28) (207)" breakable="true" interior="0" collisions="true" alpha="255" model="8558" doublesided="false" scale="1" dimension="0" posX="4955.1001" posY="-1994.5" posZ="0.002" rotX="0" rotY="0" rotZ="326.997"></object>
    <object id="object (vgshseing28) (228)" breakable="true" interior="0" collisions="true" alpha="255" model="8558" doublesided="false" scale="1" dimension="0" posX="4956.2002" posY="-1989" posZ="0" rotX="0" rotY="0" rotZ="33"></object>
    <object id="object (vgshseing28) (229)" breakable="true" interior="0" collisions="true" alpha="255" model="8558" doublesided="false" scale="1" dimension="0" posX="4948.7002" posY="-1993.866" posZ="0.004" rotX="0" rotY="0" rotZ="32.997"></object>
    <spawnpoint id="spawnpoint (Cheetah) (4)" vehicle="415" alpha="255" interior="0" posX="4907.2998" posY="-2038.4" posZ="2.2" rotX="0" rotY="0" rotZ="0"></spawnpoint>
    <spawnpoint id="spawnpoint (Cheetah) (13)" vehicle="415" alpha="255" interior="0" posX="4929.1001" posY="-2039.1" posZ="2.2" rotX="0" rotY="0" rotZ="0"></spawnpoint>
    <spawnpoint id="spawnpoint (Cheetah) (16)" vehicle="415" alpha="255" interior="0" posX="4864.6001" posY="-2039" posZ="2.2" rotX="0" rotY="0" rotZ="0"></spawnpoint>
    <spawnpoint id="spawnpoint (Cheetah) (17)" vehicle="415" alpha="255" interior="0" posX="4824.2002" posY="-2038.4" posZ="2.2" rotX="0" rotY="0" rotZ="0"></spawnpoint>
    <spawnpoint id="spawnpoint (Cheetah) (20)" vehicle="415" alpha="255" interior="0" posX="4785.5" posY="-2037.6" posZ="2.2" rotX="0" rotY="0" rotZ="0"></spawnpoint>
    <spawnpoint id="spawnpoint (Cheetah) (25)" vehicle="415" alpha="255" interior="0" posX="4764.2998" posY="-2036.5" posZ="2.2" rotX="0" rotY="0" rotZ="0"></spawnpoint>
    <spawnpoint id="spawnpoint (Cheetah) (26)" vehicle="415" alpha="255" interior="0" posX="4769.2998" posY="-1933.6" posZ="2.2" rotX="0" rotY="0" rotZ="270"></spawnpoint>
    <spawnpoint id="spawnpoint (Cheetah) (27)" vehicle="415" alpha="255" interior="0" posX="4769.2998" posY="-1961.1" posZ="2.2" rotX="0" rotY="0" rotZ="270"></spawnpoint>
    <spawnpoint id="spawnpoint (Cheetah) (28)" vehicle="415" alpha="255" interior="0" posX="4769.2002" posY="-1992.5" posZ="2.2" rotX="0" rotY="0" rotZ="270"></spawnpoint>
    <spawnpoint id="spawnpoint (Cheetah) (32)" vehicle="415" alpha="255" interior="0" posX="4769.8999" posY="-2024.7" posZ="2.2" rotX="0" rotY="0" rotZ="270"></spawnpoint>
    <spawnpoint id="spawnpoint (Cheetah) (36)" vehicle="415" alpha="255" interior="0" posX="4785.5" posY="-1927.7" posZ="2.2" rotX="0" rotY="0" rotZ="179.995"></spawnpoint>
    <spawnpoint id="spawnpoint (Cheetah) (37)" vehicle="415" alpha="255" interior="0" posX="4764.2002" posY="-1927.8" posZ="2.2" rotX="0" rotY="0" rotZ="179.995"></spawnpoint>
    <spawnpoint id="spawnpoint (Cheetah) (43)" vehicle="415" alpha="255" interior="0" posX="4823.6001" posY="-1928.4" posZ="2.2" rotX="0" rotY="0" rotZ="179.995"></spawnpoint>
    <spawnpoint id="spawnpoint (Cheetah) (48)" vehicle="415" alpha="255" interior="0" posX="4864.2002" posY="-1928.2" posZ="2.2" rotX="0" rotY="0" rotZ="179.995"></spawnpoint>
    <spawnpoint id="spawnpoint (Cheetah) (49)" vehicle="415" alpha="255" interior="0" posX="4907.3999" posY="-1928.8" posZ="2.2" rotX="0" rotY="0" rotZ="179.995"></spawnpoint>
    <spawnpoint id="spawnpoint (Cheetah) (50)" vehicle="415" alpha="255" interior="0" posX="4929.8999" posY="-1928.5" posZ="2.2" rotX="0" rotY="0" rotZ="179.995"></spawnpoint>
    <spawnpoint id="spawnpoint (Cheetah) (51)" vehicle="415" alpha="255" interior="0" posX="4923.6001" posY="-1935.8" posZ="2.2" rotX="0" rotY="0" rotZ="90"></spawnpoint>
    <spawnpoint id="spawnpoint (Cheetah) (52)" vehicle="415" alpha="255" interior="0" posX="4923.1001" posY="-1961" posZ="2.2" rotX="0" rotY="0" rotZ="90"></spawnpoint>
    <spawnpoint id="spawnpoint (Cheetah) (53)" vehicle="415" alpha="255" interior="0" posX="4923.6001" posY="-1992.7" posZ="2.2" rotX="0" rotY="0" rotZ="90"></spawnpoint>
    <spawnpoint id="spawnpoint (Cheetah) (54)" vehicle="415" alpha="255" interior="0" posX="4924.2002" posY="-2024.4" posZ="2.2" rotX="0" rotY="0" rotZ="90"></spawnpoint>
    <object id="object (bouy) (3)" breakable="true" interior="0" collisions="true" alpha="255" model="1243" doublesided="false" scale="1" dimension="0" posX="4905.6309" posY="-2051.5117" posZ="-3.3729" rotX="0" rotY="0" rotZ="0"></object>
    <object id="object (bouy) (4)" breakable="true" interior="0" collisions="true" alpha="255" model="1243" doublesided="false" scale="1" dimension="0" posX="4785.7002" posY="-1913.3" posZ="-1.9" rotX="0" rotY="0" rotZ="0"></object>
    <object id="object (vgsN_addboard03) (2)" breakable="true" interior="0" alpha="255" model="7301" doublesided="false" scale="10" dimension="0" posX="4826.8999" posY="-2126" posZ="48.3" rotX="0" rotY="0" rotZ="314"></object>
    <object id="object (vgsN_addboard03) (4)" breakable="true" interior="0" alpha="255" model="7301" doublesided="false" scale="10" dimension="0" posX="4863.2002" posY="-1825" posZ="43" rotX="0" rotY="0" rotZ="136"></object>
    <object id="object (vgshseing28) (230)" breakable="true" interior="0" collisions="true" alpha="255" model="8558" doublesided="false" scale="1" dimension="0" posX="4744.5" posY="-1984.4" posZ="16.7" rotX="0" rotY="0" rotZ="179.995"></object>
    <object id="object (vgshseing28) (231)" breakable="true" interior="0" collisions="true" alpha="255" model="8558" doublesided="false" scale="1" dimension="0" posX="4744.2002" posY="-1989.8" posZ="16.7" rotX="0" rotY="0" rotZ="179.995"></object>
    <object id="object (vgshseing28) (232)" breakable="true" interior="0" collisions="true" alpha="255" model="8558" doublesided="false" scale="1" dimension="0" posX="4744" posY="-1995.1" posZ="16.7" rotX="0" rotY="0" rotZ="179.995"></object>
    <object id="object (vgshseing28) (233)" breakable="true" interior="0" collisions="true" alpha="255" model="8558" doublesided="false" scale="1" dimension="0" posX="4743.2002" posY="-2000.6" posZ="16.7" rotX="0" rotY="0" rotZ="179.995"></object>
    <object id="object (vgshseing28) (234)" breakable="true" interior="0" collisions="true" alpha="255" model="8558" doublesided="false" scale="1" dimension="0" posX="4744.1001" posY="-2011.5" posZ="16.7" rotX="0" rotY="0" rotZ="179.995"></object>
    <object id="object (vgshseing28) (235)" breakable="true" interior="0" collisions="true" alpha="255" model="8558" doublesided="false" scale="1" dimension="0" posX="4950.2002" posY="-2006.9" posZ="16.7" rotX="0" rotY="0" rotZ="179.995"></object>
    <object id="object (vgshseing28) (236)" breakable="true" interior="0" collisions="true" alpha="255" model="8558" doublesided="false" scale="1" dimension="0" posX="4950.1001" posY="-2001.4" posZ="16.7" rotX="0" rotY="0" rotZ="179.995"></object>
    <object id="object (vgshseing28) (237)" breakable="true" interior="0" collisions="true" alpha="255" model="8558" doublesided="false" scale="1" dimension="0" posX="4950" posY="-1995.7" posZ="16.7" rotX="0" rotY="0" rotZ="179.995"></object>
    <object id="object (vgshseing28) (238)" breakable="true" interior="0" collisions="true" alpha="255" model="8558" doublesided="false" scale="1" dimension="0" posX="4949.8999" posY="-1990" posZ="16.7" rotX="0" rotY="0" rotZ="179.995"></object>
    <object id="object (vgshseing28) (239)" breakable="true" interior="0" collisions="true" alpha="255" model="8558" doublesided="false" scale="1" dimension="0" posX="4949.7998" posY="-1984.3" posZ="16.7" rotX="0" rotY="0" rotZ="179.995"></object>
    <object id="object (vgshseing28) (240)" breakable="true" interior="0" collisions="true" alpha="255" model="8558" doublesided="false" scale="1" dimension="0" posX="4950.2002" posY="-1978.8" posZ="16.7" rotX="0" rotY="0" rotZ="179.995"></object>
</map>