<map edf:definitions="editor_main,race">
    <spawnpoint id="spawnpoint0" vehicle="574" posX="4411.977051" posY="-1855.622314" posZ="5.160720" rotX="nil" rotY="nil" rotZ="nil" />
    <spawnpoint id="spawnpoint1" vehicle="574" posX="4394.364258" posY="-1855.461548" posZ="5.154410" rotX="nil" rotY="nil" rotZ="nil" />
    <spawnpoint id="spawnpoint2" vehicle="574" posX="4398.633301" posY="-1855.416870" posZ="5.154410" rotX="nil" rotY="nil" rotZ="nil" />
    <spawnpoint id="spawnpoint3" vehicle="574" posX="4402.925781" posY="-1855.493042" posZ="5.154410" rotX="nil" rotY="nil" rotZ="nil" />
    <spawnpoint id="spawnpoint4" vehicle="574" posX="4407.360840" posY="-1855.509033" posZ="5.154410" rotX="nil" rotY="nil" rotZ="nil" />
    <spawnpoint id="spawnpoint5" vehicle="574" posX="4326.970703" posY="-1855.302490" posZ="5.154410" rotX="nil" rotY="nil" rotZ="nil" />
    <spawnpoint id="spawnpoint6" vehicle="574" posX="4332.614746" posY="-1855.224731" posZ="5.154410" rotX="nil" rotY="nil" rotZ="nil" />
    <spawnpoint id="spawnpoint7" vehicle="574" posX="4338.606934" posY="-1855.300537" posZ="5.154410" rotX="nil" rotY="nil" rotZ="nil" />
    <spawnpoint id="spawnpoint8" vehicle="574" posX="4344.336426" posY="-1855.264404" posZ="5.154410" rotX="nil" rotY="nil" rotZ="nil" />
    <spawnpoint id="spawnpoint9" vehicle="574" posX="4350.323242" posY="-1855.215210" posZ="5.192556" rotX="nil" rotY="nil" rotZ="nil" />
    <spawnpoint id="spawnpoint10" vehicle="574" posX="4260.161133" posY="-1855.187378" posZ="5.192556" rotX="nil" rotY="nil" rotZ="nil" />
    <spawnpoint id="spawnpoint11" vehicle="574" posX="4265.688965" posY="-1855.344849" posZ="5.192556" rotX="nil" rotY="nil" rotZ="nil" />
    <spawnpoint id="spawnpoint12" vehicle="574" posX="4271.570801" posY="-1855.314941" posZ="5.192556" rotX="nil" rotY="nil" rotZ="nil" />
    <spawnpoint id="spawnpoint13" vehicle="574" posX="4277.473145" posY="-1855.440063" posZ="5.192556" rotX="nil" rotY="nil" rotZ="nil" />
    <spawnpoint id="spawnpoint14" vehicle="574" posX="4283.307617" posY="-1855.442017" posZ="5.192556" rotX="nil" rotY="nil" rotZ="nil" />
    <spawnpoint id="spawnpoint15" vehicle="574" posX="4395.316895" posY="-1838.282959" posZ="5.134534" rotX="nil" rotY="nil" rotZ="nil" />
    <spawnpoint id="spawnpoint16" vehicle="574" posX="4399.460449" posY="-1838.257935" posZ="5.134534" rotX="nil" rotY="nil" rotZ="nil" />
    <spawnpoint id="spawnpoint17" vehicle="574" posX="4403.247070" posY="-1838.357422" posZ="5.134534" rotX="nil" rotY="nil" rotZ="nil" />
    <spawnpoint id="spawnpoint18" vehicle="574" posX="4407.347656" posY="-1838.385742" posZ="5.134534" rotX="nil" rotY="nil" rotZ="nil" />
    <spawnpoint id="spawnpoint19" vehicle="574" posX="4412.114258" posY="-1838.438599" posZ="5.134534" rotX="nil" rotY="nil" rotZ="nil" />
    <spawnpoint id="spawnpoint20" vehicle="574" posX="4328.455078" posY="-1838.440186" posZ="5.134534" rotX="nil" rotY="nil" rotZ="nil" />
    <spawnpoint id="spawnpoint21" vehicle="574" posX="4332.443848" posY="-1838.342041" posZ="5.134534" rotX="nil" rotY="nil" rotZ="nil" />
    <spawnpoint id="spawnpoint22" vehicle="574" posX="4336.463867" posY="-1838.332886" posZ="5.134534" rotX="nil" rotY="nil" rotZ="nil" />
    <spawnpoint id="spawnpoint23" vehicle="574" posX="4340.728027" posY="-1838.583496" posZ="5.134534" rotX="nil" rotY="nil" rotZ="nil" />
    <spawnpoint id="spawnpoint24" vehicle="574" posX="4345.840332" posY="-1838.289673" posZ="5.134534" rotX="nil" rotY="nil" rotZ="nil" />
    <spawnpoint id="spawnpoint25" vehicle="574" posX="4261.651855" posY="-1838.678101" posZ="5.134534" rotX="nil" rotY="nil" rotZ="nil" />
    <spawnpoint id="spawnpoint26" vehicle="574" posX="4265.636230" posY="-1838.430420" posZ="5.134534" rotX="nil" rotY="nil" rotZ="nil" />
    <spawnpoint id="spawnpoint27" vehicle="574" posX="4269.984863" posY="-1838.306641" posZ="5.134534" rotX="nil" rotY="nil" rotZ="nil" />
    <spawnpoint id="spawnpoint28" vehicle="574" posX="4273.580566" posY="-1838.235474" posZ="5.134534" rotX="nil" rotY="nil" rotZ="nil" />
    <spawnpoint id="spawnpoint29" vehicle="574" posX="4279.354004" posY="-1838.289063" posZ="5.134534" rotX="nil" rotY="nil" rotZ="nil" />
    <spawnpoint id="spawnpoint30" vehicle="574" posX="4260.534668" posY="-1846.971802" posZ="5.134534" rotX="nil" rotY="nil" rotZ="nil" />
    <spawnpoint id="spawnpoint31" vehicle="574" posX="4426.082031" posY="-1846.864380" posZ="5.134534" rotX="nil" rotY="nil" rotZ="nil" />
    <object id="object0" doublesided="false" model="5430" interior="0" dimension="0" posX="4252.592285" posY="-1837.851196" posZ="11.057403" rotX="0" rotY="0" rotZ="0" />
    <object id="object1" doublesided="false" model="5430" interior="0" dimension="0" posX="4319.471680" posY="-1837.868896" posZ="11.125513" rotX="0" rotY="0" rotZ="-359.999925104127" />
    <object id="object2" doublesided="false" model="5430" interior="0" dimension="0" posX="4386.329590" posY="-1837.944092" posZ="11.087199" rotX="0" rotY="0" rotZ="-359.999867808347" />
    <object id="object3" doublesided="false" model="3458" interior="0" dimension="0" posX="4288.970215" posY="-1789.574585" posZ="11.767618" rotX="0" rotY="25.783100780887" rotZ="-89.9999812760317" />
    <object id="object4" doublesided="false" model="3458" interior="0" dimension="0" posX="4271.324707" posY="-1769.481323" posZ="20.401011" rotX="0" rotY="0" rotZ="0" />
    <object id="object5" doublesided="false" model="3458" interior="0" dimension="0" posX="4271.315918" posY="-1764.363403" posZ="20.401007" rotX="0" rotY="0" rotZ="0" />
    <object id="object6" doublesided="false" model="3458" interior="0" dimension="0" posX="4271.273926" posY="-1759.262451" posZ="20.400999" rotX="0" rotY="0" rotZ="0" />
    <object id="object7" doublesided="false" model="3458" interior="0" dimension="0" posX="4311.659180" posY="-1759.280640" posZ="20.401026" rotX="0" rotY="0" rotZ="0" />
    <object id="object8" doublesided="false" model="3458" interior="0" dimension="0" posX="4311.656250" posY="-1764.352173" posZ="20.401018" rotX="0" rotY="0" rotZ="0" />
    <object id="object9" doublesided="false" model="3458" interior="0" dimension="0" posX="4311.642090" posY="-1769.492432" posZ="20.401007" rotX="0" rotY="0" rotZ="0" />
    <object id="object10" doublesided="false" model="3458" interior="0" dimension="0" posX="4351.956055" posY="-1769.505127" posZ="20.400995" rotX="0" rotY="0" rotZ="0" />
    <object id="object11" doublesided="false" model="3458" interior="0" dimension="0" posX="4356.077637" posY="-1789.587646" posZ="11.798360" rotX="0" rotY="25.783100780887" rotZ="-89.9999812760317" />
    <object id="object12" doublesided="false" model="3458" interior="0" dimension="0" posX="4422.249512" posY="-1789.562744" posZ="11.779325" rotX="0" rotY="25.783100780887" rotZ="-89.9999812760317" />
    <object id="object13" doublesided="false" model="3458" interior="0" dimension="0" posX="4351.946289" posY="-1764.388306" posZ="20.400995" rotX="0" rotY="0" rotZ="0" />
    <object id="object14" doublesided="false" model="3458" interior="0" dimension="0" posX="4351.911621" posY="-1759.267578" posZ="20.401014" rotX="0" rotY="0" rotZ="0" />
    <object id="object15" doublesided="false" model="3458" interior="0" dimension="0" posX="4392.249512" posY="-1769.495239" posZ="20.401011" rotX="0" rotY="0" rotZ="0" />
    <object id="object16" doublesided="false" model="3458" interior="0" dimension="0" posX="4392.251953" posY="-1764.408203" posZ="20.401022" rotX="0" rotY="0" rotZ="0" />
    <object id="object17" doublesided="false" model="3458" interior="0" dimension="0" posX="4392.244141" posY="-1759.271240" posZ="20.401033" rotX="0" rotY="0" rotZ="0" />
    <object id="object18" doublesided="false" model="3458" interior="0" dimension="0" posX="4432.540527" posY="-1769.460938" posZ="20.426003" rotX="0" rotY="0" rotZ="0" />
    <object id="object19" doublesided="false" model="3458" interior="0" dimension="0" posX="4432.538086" posY="-1764.378296" posZ="20.425991" rotX="0" rotY="0" rotZ="0" />
    <object id="object20" doublesided="false" model="3458" interior="0" dimension="0" posX="4432.567383" posY="-1759.257446" posZ="20.425987" rotX="0" rotY="0" rotZ="0" />
    <object id="object21" doublesided="false" model="3458" interior="0" dimension="0" posX="4450.1806640625" posY="-1741.556640625" posZ="20.426013946533" rotX="0" rotY="0" rotZ="270" />
    <object id="object22" doublesided="false" model="3458" interior="0" dimension="0" posX="4253.638184" posY="-1741.638306" posZ="20.400995" rotX="0" rotY="0" rotZ="-89.9999812760317" />
    <object id="object23" doublesided="false" model="3458" interior="0" dimension="0" posX="4288.91015625" posY="-1741.578125" posZ="20.400995254517" rotX="0" rotY="0" rotZ="270" />
    <object id="object24" doublesided="false" model="3458" interior="0" dimension="0" posX="4356.117188" posY="-1741.621460" posZ="20.401014" rotX="0" rotY="0" rotZ="-89.9999812760317" />
    <object id="object25" doublesided="false" model="3458" interior="0" dimension="0" posX="4422.269043" posY="-1741.630493" posZ="20.425987" rotX="0" rotY="0" rotZ="-89.9999812760317" />
    <object id="object26" doublesided="false" model="3458" interior="0" dimension="0" posX="4270.653809" posY="-1741.666382" posZ="20.401003" rotX="0" rotY="0" rotZ="-89.9999812760317" />
    <object id="object27" doublesided="false" model="3458" interior="0" dimension="0" posX="4309.778320" posY="-1741.615845" posZ="20.401026" rotX="0" rotY="0" rotZ="-89.9999812760317" />
    <object id="object28" doublesided="false" model="3458" interior="0" dimension="0" posX="4331.875977" posY="-1741.660645" posZ="20.401022" rotX="0" rotY="0" rotZ="-89.9999812760317" />
    <object id="object29" doublesided="false" model="3458" interior="0" dimension="0" posX="4376.3173828125" posY="-1741.6083984375" posZ="20.401033401489" rotX="0" rotY="0" rotZ="270" />
    <object id="object30" doublesided="false" model="3458" interior="0" dimension="0" posX="4399.537598" posY="-1741.730835" posZ="20.401018" rotX="0" rotY="0" rotZ="-89.9999812760317" />
    <object id="object31" doublesided="false" model="1696" interior="0" dimension="0" posX="4449.841309" posY="-1717.944092" posZ="22.961712" rotX="0" rotY="0" rotZ="0" />
    <object id="object32" doublesided="false" model="1696" interior="0" dimension="0" posX="4421.978027" posY="-1718.037598" posZ="22.961685" rotX="0" rotY="0" rotZ="0" />
    <object id="object33" doublesided="false" model="1696" interior="0" dimension="0" posX="4399.228516" posY="-1718.184814" posZ="22.936718" rotX="0" rotY="0" rotZ="0" />
    <object id="object34" doublesided="false" model="1696" interior="0" dimension="0" posX="4376.033691" posY="-1718.095093" posZ="22.936733" rotX="0" rotY="0" rotZ="0" />
    <object id="object35" doublesided="false" model="1696" interior="0" dimension="0" posX="4355.794921875" posY="-1718.0712890625" posZ="22.936714172363" rotX="0" rotY="0" rotZ="0" />
    <object id="object36" doublesided="false" model="1696" interior="0" dimension="0" posX="4331.565430" posY="-1718.119019" posZ="22.936722" rotX="0" rotY="0" rotZ="0" />
    <object id="object37" doublesided="false" model="1696" interior="0" dimension="0" posX="4309.4462890625" posY="-1718.0029296875" posZ="22.936725616455" rotX="0" rotY="0" rotZ="0" />
    <object id="object38" doublesided="false" model="1696" interior="0" dimension="0" posX="4288.601074" posY="-1718.074951" posZ="22.936695" rotX="0" rotY="0" rotZ="0" />
    <object id="object39" doublesided="false" model="1696" interior="0" dimension="0" posX="4270.344727" posY="-1718.219727" posZ="22.908459" rotX="0" rotY="0" rotZ="0" />
    <object id="object40" doublesided="false" model="1696" interior="0" dimension="0" posX="4253.343262" posY="-1718.199097" posZ="22.936695" rotX="0" rotY="0" rotZ="0" />
    <object id="object41" doublesided="false" model="3458" interior="0" dimension="0" posX="4450.177734" posY="-1701.276611" posZ="20.410273" rotX="0" rotY="0" rotZ="-89.9999812760317" />
    <object id="object42" doublesided="false" model="3458" interior="0" dimension="0" posX="4422.272949" posY="-1701.248901" posZ="20.418749" rotX="0" rotY="0" rotZ="-89.9999812760317" />
    <object id="object43" doublesided="false" model="3458" interior="0" dimension="0" posX="4399.552734" posY="-1701.346802" posZ="20.401014" rotX="0" rotY="0" rotZ="-89.9999812760317" />
    <object id="object44" doublesided="false" model="3458" interior="0" dimension="0" posX="4376.303223" posY="-1701.222168" posZ="20.401037" rotX="0" rotY="0" rotZ="-89.9999812760317" />
    <object id="object45" doublesided="false" model="3458" interior="0" dimension="0" posX="4356.127930" posY="-1701.300049" posZ="20.387518" rotX="0" rotY="0" rotZ="-89.9999812760317" />
    <object id="object46" doublesided="false" model="3458" interior="0" dimension="0" posX="4331.896484" posY="-1701.280396" posZ="20.390434" rotX="0" rotY="0" rotZ="-89.9999812760317" />
    <object id="object47" doublesided="false" model="3458" interior="0" dimension="0" posX="4309.770020" posY="-1701.237427" posZ="20.391922" rotX="0" rotY="0" rotZ="-89.9999812760317" />
    <object id="object48" doublesided="false" model="3458" interior="0" dimension="0" posX="4288.908203125" posY="-1701.185546875" posZ="20.400995254517" rotX="0" rotY="0" rotZ="270" />
    <object id="object49" doublesided="false" model="3458" interior="0" dimension="0" posX="4270.666504" posY="-1701.268188" posZ="20.400999" rotX="0" rotY="0" rotZ="-89.9999812760317" />
    <object id="object50" doublesided="false" model="3458" interior="0" dimension="0" posX="4253.638184" posY="-1701.270142" posZ="20.400995" rotX="0" rotY="0" rotZ="-89.9999812760317" />
    <object id="object51" doublesided="false" model="3458" interior="0" dimension="0" posX="4276.391602" posY="-1678.521240" posZ="20.400988" rotX="0" rotY="0" rotZ="0" />
    <object id="object52" doublesided="false" model="3458" interior="0" dimension="0" posX="4230.887207" posY="-1678.528564" posZ="20.400972" rotX="0" rotY="0" rotZ="0" />
    <object id="object53" doublesided="false" model="3458" interior="0" dimension="0" posX="4316.775391" posY="-1678.527344" posZ="20.400984" rotX="0" rotY="0" rotZ="0" />
    <object id="object54" doublesided="false" model="3458" interior="0" dimension="0" posX="4357.101074" posY="-1678.530273" posZ="20.400980" rotX="0" rotY="0" rotZ="0" />
    <object id="object55" doublesided="false" model="3458" interior="0" dimension="0" posX="4397.462402" posY="-1678.528809" posZ="20.400972" rotX="0" rotY="0" rotZ="0" />
    <object id="object56" doublesided="false" model="3458" interior="0" dimension="0" posX="4427.412109" posY="-1678.529175" posZ="20.400969" rotX="0" rotY="0" rotZ="0" />
    <object id="object57" doublesided="false" model="3458" interior="0" dimension="0" posX="4472.921387" posY="-1678.533936" posZ="20.410292" rotX="0" rotY="0" rotZ="-179.999962552063" />
    <object id="object58" doublesided="false" model="3458" interior="0" dimension="0" posX="4450.180664" posY="-1660.908203" posZ="20.410269" rotX="0" rotY="0" rotZ="-89.9999812760317" />
    <object id="object59" doublesided="false" model="3458" interior="0" dimension="0" posX="4253.646973" posY="-1660.912476" posZ="20.400995" rotX="0" rotY="0" rotZ="-89.9999812760317" />
    <object id="object60" doublesided="false" model="1225" interior="0" dimension="0" posX="4450.178223" posY="-1715.552856" posZ="22.445436" rotX="0" rotY="0" rotZ="0" />
    <object id="object61" doublesided="false" model="1225" interior="0" dimension="0" posX="4422.203125" posY="-1715.672852" posZ="22.335152" rotX="0" rotY="0" rotZ="0" />
    <object id="object62" doublesided="false" model="1225" interior="0" dimension="0" posX="4399.443848" posY="-1715.870117" posZ="22.327013" rotX="0" rotY="0" rotZ="0" />
    <object id="object63" doublesided="false" model="1225" interior="0" dimension="0" posX="4376.345215" posY="-1715.730347" posZ="22.276903" rotX="0" rotY="0" rotZ="0" />
    <object id="object64" doublesided="false" model="1225" interior="0" dimension="0" posX="4356.037598" posY="-1715.848267" posZ="22.321741" rotX="0" rotY="0" rotZ="0" />
    <object id="object65" doublesided="false" model="1225" interior="0" dimension="0" posX="4332.073730" posY="-1715.895020" posZ="22.324657" rotX="0" rotY="0" rotZ="0" />
    <object id="object66" doublesided="false" model="1225" interior="0" dimension="0" posX="4310.077637" posY="-1715.929199" posZ="22.326145" rotX="0" rotY="0" rotZ="0" />
    <object id="object67" doublesided="false" model="1225" interior="0" dimension="0" posX="4288.821777" posY="-1715.947632" posZ="22.335218" rotX="0" rotY="0" rotZ="0" />
    <object id="object68" doublesided="false" model="1225" interior="0" dimension="0" posX="4270.786133" posY="-1716.032471" posZ="22.335222" rotX="0" rotY="0" rotZ="0" />
    <object id="object69" doublesided="false" model="1225" interior="0" dimension="0" posX="4253.647461" posY="-1715.877441" posZ="22.335218" rotX="0" rotY="0" rotZ="0" />
    <object id="object70" doublesided="false" model="3458" interior="0" dimension="0" posX="4495.640137" posY="-1660.898193" posZ="20.410295" rotX="0" rotY="0" rotZ="-269.999943828095" />
    <object id="object71" doublesided="false" model="3458" interior="0" dimension="0" posX="4208.152832" posY="-1660.881958" posZ="20.400969" rotX="0" rotY="0" rotZ="-89.9999812760317" />
    <object id="object72" doublesided="false" model="3458" interior="0" dimension="0" posX="4225.786133" posY="-1638.113525" posZ="20.400972" rotX="0" rotY="0" rotZ="-179.999962552063" />
    <object id="object73" doublesided="false" model="3458" interior="0" dimension="0" posX="4266.110840" posY="-1638.122314" posZ="20.400972" rotX="0" rotY="0" rotZ="-179.999962552063" />
    <object id="object74" doublesided="false" model="3458" interior="0" dimension="0" posX="4306.463867" posY="-1638.128296" posZ="20.400980" rotX="0" rotY="0" rotZ="-179.999962552063" />
    <object id="object75" doublesided="false" model="3458" interior="0" dimension="0" posX="4346.841797" posY="-1638.124146" posZ="20.400995" rotX="0" rotY="0" rotZ="-179.999962552063" />
    <object id="object76" doublesided="false" model="3458" interior="0" dimension="0" posX="4387.227051" posY="-1638.121826" posZ="20.400976" rotX="0" rotY="0" rotZ="-179.999962552063" />
    <object id="object77" doublesided="false" model="3458" interior="0" dimension="0" posX="4427.458984" posY="-1638.130249" posZ="20.400991" rotX="0" rotY="0" rotZ="-179.999962552063" />
    <object id="object78" doublesided="false" model="3458" interior="0" dimension="0" posX="4477.992676" posY="-1638.154907" posZ="20.400988" rotX="0" rotY="0" rotZ="-179.999962552063" />
    <object id="object79" doublesided="false" model="3458" interior="0" dimension="0" posX="4464.023438" posY="-1638.124268" posZ="20.400984" rotX="0" rotY="0" rotZ="-179.999962552063" />
    <object id="object80" doublesided="false" model="3458" interior="0" dimension="0" posX="4288.911621" posY="-1655.793823" posZ="20.400976" rotX="0" rotY="0" rotZ="-270.000001123874" />
    <object id="object81" doublesided="false" model="3458" interior="0" dimension="0" posX="4422.278809" posY="-1655.816284" posZ="20.400972" rotX="0" rotY="0" rotZ="-270.000001123874" />
    <object id="object82" doublesided="false" model="3458" interior="0" dimension="0" posX="4271.267578" posY="-1658.170166" posZ="20.400969" rotX="0" rotY="0" rotZ="-359.999982399906" />
    <object id="object83" doublesided="false" model="3458" interior="0" dimension="0" posX="4399.913086" posY="-1658.662598" posZ="26.150972" rotX="0" rotY="16.3292971612285" rotZ="-359.999982399906" />
    <object id="object84" doublesided="false" model="3458" interior="0" dimension="0" posX="4432.582520" posY="-1658.658936" posZ="20.410265" rotX="0" rotY="0" rotZ="-179.999962552063" />
    <object id="object85" doublesided="false" model="3458" interior="0" dimension="0" posX="4311.239258" posY="-1658.614746" posZ="26.150988" rotX="0" rotY="16.3292971612285" rotZ="-539.999830360411" />
    <object id="object86" doublesided="false" model="3458" interior="0" dimension="0" posX="4360.735352" posY="-1658.655884" posZ="31.800434" rotX="0" rotY="0" rotZ="0" />
    <object id="object87" doublesided="false" model="3458" interior="0" dimension="0" posX="4350.278320" posY="-1658.621948" posZ="31.775391" rotX="0" rotY="0" rotZ="0" />
    <object id="object88" doublesided="false" model="3458" interior="0" dimension="0" posX="4332.647949" posY="-1635.935303" posZ="31.775358" rotX="0" rotY="0" rotZ="-89.9999812760317" />
    <object id="object89" doublesided="false" model="3458" interior="0" dimension="0" posX="4378.392578" posY="-1635.955078" posZ="31.800411" rotX="0" rotY="0" rotZ="-89.9999812760317" />
    <object id="object90" doublesided="false" model="3458" interior="0" dimension="0" posX="4331.931641" posY="-1657.601074" posZ="20.390430" rotX="0" rotY="0" rotZ="-89.9999812760317" />
    <object id="object91" doublesided="false" model="3458" interior="0" dimension="0" posX="4356.117676" posY="-1655.786499" posZ="20.400991" rotX="0" rotY="0" rotZ="-89.9999812760317" />
    <object id="object92" doublesided="false" model="3458" interior="0" dimension="0" posX="4376.318848" posY="-1655.889038" posZ="20.401049" rotX="0" rotY="0" rotZ="-89.9999812760317" />
    <object id="object93" doublesided="false" model="3458" interior="0" dimension="0" posX="4353.988770" posY="-1658.443359" posZ="20.401041" rotX="0" rotY="0" rotZ="-179.999962552063" />
    <object id="object94" doublesided="false" model="3458" interior="0" dimension="0" posX="4355.507813" posY="-1613.193604" posZ="31.825346" rotX="0" rotY="0" rotZ="-179.999962552063" />
    <object id="object95" doublesided="false" model="3458" interior="0" dimension="0" posX="4378.369141" posY="-1595.609863" posZ="31.800392" rotX="0" rotY="0" rotZ="-89.9999812760317" />
    <object id="object96" doublesided="false" model="3458" interior="0" dimension="0" posX="4332.654297" posY="-1595.654175" posZ="31.775312" rotX="0" rotY="0" rotZ="-89.9999812760317" />
    <object id="object97" doublesided="false" model="3458" interior="0" dimension="0" posX="4480.971191" posY="-1659.663208" posZ="20.401011" rotX="0" rotY="0" rotZ="-269.999943828095" />
    <object id="object98" doublesided="false" model="3458" interior="0" dimension="0" posX="4465.211426" posY="-1659.685425" posZ="20.400980" rotX="0" rotY="0" rotZ="-270.000001123874" />
    <object id="object99" doublesided="false" model="3458" interior="0" dimension="0" posX="4472.964355" posY="-1658.684326" posZ="20.410257" rotX="0" rotY="0" rotZ="-359.999982399906" />
    <object id="object100" doublesided="false" model="3458" interior="0" dimension="0" posX="4238.913086" posY="-1656.786133" posZ="20.400976" rotX="0" rotY="0" rotZ="-89.9999812760317" />
    <object id="object101" doublesided="false" model="3458" interior="0" dimension="0" posX="4222.828613" posY="-1656.761963" posZ="20.400972" rotX="0" rotY="0" rotZ="-89.9999812760317" />
    <object id="object102" doublesided="false" model="3458" interior="0" dimension="0" posX="4230.869141" posY="-1658.153687" posZ="20.400969" rotX="0" rotY="0" rotZ="-179.999962552063" />
    <object id="object103" doublesided="false" model="3458" interior="0" dimension="0" posX="4355.494629" posY="-1578.008423" posZ="31.775267" rotX="0" rotY="0" rotZ="-179.999962552063" />
    <object id="object104" doublesided="false" model="3458" interior="0" dimension="0" posX="4355.442383" posY="-1595.687012" posZ="31.775297" rotX="0" rotY="0" rotZ="-270.000001123874" />
    <object id="object105" doublesided="false" model="3458" interior="0" dimension="0" posX="4309.969727" posY="-1578.022217" posZ="31.775297" rotX="0" rotY="0" rotZ="-179.999962552063" />
    <object id="object106" doublesided="false" model="3458" interior="0" dimension="0" posX="4400.895020" posY="-1577.988037" posZ="31.800358" rotX="0" rotY="0" rotZ="-179.999962552063" />
    <object id="object107" doublesided="false" model="3458" interior="0" dimension="0" posX="4441.230957" posY="-1577.997437" posZ="31.800354" rotX="0" rotY="0" rotZ="-179.999962552063" />
    <object id="object108" doublesided="false" model="3458" interior="0" dimension="0" posX="4269.688965" posY="-1578.023193" posZ="31.775297" rotX="0" rotY="0" rotZ="-179.999962552063" />
    <object id="object109" doublesided="false" model="3458" interior="0" dimension="0" posX="4422.253418" posY="-1615.742310" posZ="26.150991" rotX="0" rotY="16.3292971612285" rotZ="-449.999963675938" />
    <object id="object110" doublesided="false" model="3458" interior="0" dimension="0" posX="4422.248047" posY="-1576.636719" posZ="31.775339" rotX="0" rotY="0" rotZ="-270.000001123874" />
    <object id="object111" doublesided="false" model="3458" interior="0" dimension="0" posX="4288.909668" posY="-1615.759277" posZ="26.176003" rotX="0" rotY="16.3292971612285" rotZ="-809.999716892726" />
    <object id="object112" doublesided="false" model="3458" interior="0" dimension="0" posX="4288.931152" posY="-1576.625244" posZ="31.781435" rotX="0" rotY="0" rotZ="-270.000001123874" />
    <object id="object113" doublesided="false" model="1637" interior="0" dimension="0" posX="4279.793945" posY="-1771.578003" posZ="23.215755" rotX="0" rotY="0" rotZ="0" />
    <object id="object114" doublesided="false" model="1637" interior="0" dimension="0" posX="4347.353027" posY="-1771.061401" posZ="23.215740" rotX="0" rotY="0" rotZ="0" />
    <object id="object115" doublesided="false" model="1637" interior="0" dimension="0" posX="4414.159668" posY="-1771.336304" posZ="23.240746" rotX="0" rotY="0" rotZ="0" />
    <object id="object116" doublesided="false" model="3458" interior="0" dimension="0" posX="4464.381348" posY="-1560.352051" posZ="33.075291" rotX="-25.783100780887" rotY="0" rotZ="-270.000001123874" />
    <object id="object117" doublesided="false" model="3458" interior="0" dimension="0" posX="4246.545410" posY="-1560.399658" posZ="33.050190" rotX="-25.783100780887" rotY="0" rotZ="-449.999963675938" />
    <object id="object118" doublesided="false" model="3458" interior="0" dimension="0" posX="4443.754883" posY="-1558.972290" posZ="31.775339" rotX="0" rotY="0" rotZ="-359.999982399906" />
    <object id="object119" doublesided="false" model="3458" interior="0" dimension="0" posX="4267.084473" posY="-1558.996582" posZ="31.781401" rotX="0" rotY="0" rotZ="-359.999982399906" />
    <object id="object120" doublesided="false" model="3458" interior="0" dimension="0" posX="4458.866699" posY="-1520.016113" posZ="31.816494" rotX="0" rotY="0" rotZ="-450.000020971717" />
    <object id="object121" doublesided="false" model="3458" interior="0" dimension="0" posX="4252.060059" posY="-1519.981934" posZ="31.792288" rotX="0" rotY="0" rotZ="-450.000020971717" />
    <object id="object122" doublesided="false" model="3458" interior="0" dimension="0" posX="4274.738281" posY="-1502.345581" posZ="31.792274" rotX="0" rotY="0" rotZ="-359.999982399906" />
    <object id="object123" doublesided="false" model="3458" interior="0" dimension="0" posX="4315.117188" posY="-1502.323975" posZ="31.792273" rotX="0" rotY="0" rotZ="-359.999982399906" />
    <object id="object124" doublesided="false" model="3458" interior="0" dimension="0" posX="4355.445313" posY="-1502.359985" posZ="31.792253" rotX="0" rotY="0" rotZ="-359.999982399906" />
    <object id="object125" doublesided="false" model="3458" interior="0" dimension="0" posX="4395.808105" posY="-1502.361694" posZ="31.792233" rotX="0" rotY="0" rotZ="-359.999982399906" />
    <object id="object126" doublesided="false" model="3458" interior="0" dimension="0" posX="4436.131348" posY="-1502.368652" posZ="31.792208" rotX="0" rotY="0" rotZ="-359.999982399906" />
    <object id="object127" doublesided="false" model="3458" interior="0" dimension="0" posX="4311.248047" posY="-1558.982788" posZ="31.781404" rotX="0" rotY="0" rotZ="-359.999982399906" />
    <object id="object128" doublesided="false" model="3458" interior="0" dimension="0" posX="4351.511719" posY="-1559.001343" posZ="31.781406" rotX="0" rotY="0" rotZ="-359.999982399906" />
    <object id="object129" doublesided="false" model="3458" interior="0" dimension="0" posX="4391.777832" posY="-1559.002563" posZ="31.781403" rotX="0" rotY="0" rotZ="-359.999982399906" />
    <object id="object130" doublesided="false" model="3458" interior="0" dimension="0" posX="4400.083984" posY="-1559.000732" posZ="31.781399" rotX="0" rotY="0" rotZ="-359.999982399906" />
    <object id="object131" doublesided="false" model="3458" interior="0" dimension="0" posX="4355.439941" posY="-1571.884399" posZ="31.775299" rotX="0" rotY="0" rotZ="-270.000001123874" />
    <object id="object132" doublesided="false" model="3458" interior="0" dimension="0" posX="4274.589355" posY="-1523.130615" posZ="31.792273" rotX="0" rotY="0" rotZ="-359.999982399906" />
    <object id="object133" doublesided="false" model="3458" interior="0" dimension="0" posX="4314.829102" posY="-1523.123657" posZ="31.792242" rotX="0" rotY="0" rotZ="-359.999982399906" />
    <object id="object134" doublesided="false" model="3458" interior="0" dimension="0" posX="4355.173828" posY="-1523.125366" posZ="31.792181" rotX="0" rotY="0" rotZ="-359.999982399906" />
    <object id="object135" doublesided="false" model="3458" interior="0" dimension="0" posX="4395.457031" posY="-1523.125977" posZ="31.792135" rotX="0" rotY="0" rotZ="-359.999982399906" />
    <object id="object136" doublesided="false" model="3458" interior="0" dimension="0" posX="4435.963379" posY="-1523.117310" posZ="31.792120" rotX="0" rotY="0" rotZ="-359.999982399906" />
    <object id="object137" doublesided="false" model="3458" interior="0" dimension="0" posX="4355.417969" posY="-1520.006714" posZ="31.792168" rotX="0" rotY="0" rotZ="-270.000001123874" />
    <object id="object138" doublesided="false" model="1634" interior="0" dimension="0" posX="4355.4462890625" posY="-1551.8046875" posZ="34.367938995361" rotX="0" rotY="0" rotZ="0" />
    <object id="object139" doublesided="false" model="1634" interior="0" dimension="0" posX="4355.3916015625" posY="-1536.158203125" posZ="34.367938995361" rotX="0" rotY="0" rotZ="179.99450683594" />
    <object id="object140" doublesided="false" model="3458" interior="0" dimension="0" posX="4288.872070" posY="-1541.316528" posZ="31.781370" rotX="0" rotY="0" rotZ="-270.000001123874" />
    <object id="object141" doublesided="false" model="3458" interior="0" dimension="0" posX="4332.670410" posY="-1541.309937" posZ="31.775311" rotX="0" rotY="0" rotZ="-270.000001123874" />
    <object id="object142" doublesided="false" model="3458" interior="0" dimension="0" posX="4378.382813" posY="-1540.979492" posZ="31.800373" rotX="0" rotY="0" rotZ="-270.000001123874" />
    <object id="object143" doublesided="false" model="3458" interior="0" dimension="0" posX="4422.245605" posY="-1542.002808" posZ="31.775330" rotX="0" rotY="0" rotZ="-270.000001123874" />
    <racepickup id="pickup0" type="nitro" vehicle="522" respawn="0" posX="4288.898438" posY="-1808.710327" posZ="4.507796" />
    <racepickup id="pickup1" type="nitro" vehicle="522" respawn="0" posX="4355.987305" posY="-1808.869629" posZ="4.551001" />
    <racepickup id="pickup2" type="nitro" vehicle="522" respawn="0" posX="4422.318848" posY="-1809.074829" posZ="4.587273" />
    <racepickup id="pickup3" type="vehiclechange" vehicle="411" respawn="0" posX="4253.556641" posY="-1725.349854" posZ="23.429464" />
    <racepickup id="pickup4" type="repair" vehicle="522" respawn="0" posX="4253.458008" posY="-1725.449341" posZ="23.429464" />
    <racepickup id="pickup14" type="vehiclechange" vehicle="415" respawn="0" posX="4271.1591796875" posY="-1714.3167724609" posZ="25.179471969604" rotX="0" rotY="0" rotZ="132.125" />
    <racepickup id="pickup15" type="vehiclechange" vehicle="541" respawn="0" posX="4289.41015625" posY="-1714.0517578125" posZ="25.404445648193" rotX="0" rotY="0" rotZ="140.5625" />
    <racepickup id="pickup16" type="vehiclechange" vehicle="451" respawn="0" posX="4310.0224609375" posY="-1713.734375" posZ="25.254493713379" rotX="0" rotY="0" rotZ="168.6875" />
    <racepickup id="pickup17" type="vehiclechange" vehicle="560" respawn="0" posX="4331.9853515625" posY="-1713.8975830078" posZ="25.679479598999" rotX="0" rotY="0" rotZ="331.75" />
    <racepickup id="pickup18" type="vehiclechange" vehicle="402" respawn="0" posX="4356.4575195313" posY="-1713.8845214844" posZ="25.629495620728" rotX="0" rotY="0" rotZ="180" />
    <racepickup id="pickup19" type="vehiclechange" vehicle="475" respawn="0" posX="4376.5864257813" posY="-1713.9447021484" posZ="25.929502487183" rotX="0" rotY="0" rotZ="151.75" />
    <racepickup id="pickup20" type="vehiclechange" vehicle="429" respawn="0" posX="4399.7421875" posY="-1714.1004638672" posZ="25.429487228394" rotX="0" rotY="0" rotZ="202.5" />
    <racepickup id="pickup21" type="vehiclechange" vehicle="480" respawn="0" posX="4422.9921875" posY="-1714.1633300781" posZ="25.904457092285" rotX="0" rotY="0" rotZ="165.78125" />
    <racepickup id="pickup22" type="vehiclechange" vehicle="477" respawn="0" posX="4450.6201171875" posY="-1713.0318603516" posZ="25.754489898682" rotX="0" rotY="0" rotZ="84.21875" />
    <racepickup id="pickup23" type="nitro" vehicle="522" respawn="0" posX="4355.298828125" posY="-1544.5498046875" posZ="40.954811096191" rotX="0" rotY="0" rotZ="42.125" />
    <racepickup id="pickup24" type="repair" vehicle="522" respawn="0" posX="4355.0791015625" posY="-1544.6400146484" posZ="41.120738983154" rotX="0" rotY="0" rotZ="253.09375" />
</map>
