<map edf:definitions="editor_main">
    <removeWorldObject id="removeWorldObject (des_gunbldg) (1)" radius="26.983171" interior="0" model="16774" lodModel="0" posX="800.32813" posY="1672.125" posZ="5.875" rotX="0" rotY="0" rotZ="0"></removeWorldObject>
    <object id="object (casinoblock4) (1)" breakable="true" interior="0" collisions="false" alpha="255" model="6989" doublesided="false" scale="1" dimension="0" posX="3427.8999" posY="574.09998" posZ="-19" rotX="0" rotY="0" rotZ="356"></object>
    <object id="object (ramplandpad) (1)" breakable="true" interior="0" alpha="255" model="13646" doublesided="false" scale="1" dimension="0" posX="3414.5" posY="531.79999" posZ="2.1" rotX="0" rotY="0" rotZ="0"></object>
    <object id="object (SW_haybreak02) (1)" breakable="true" interior="0" alpha="255" model="3374" doublesided="false" scale="1" dimension="0" posX="3420.7" posY="523.90002" posZ="1.2" rotX="0" rotY="0" rotZ="356"></object>
    <object id="object (SW_haybreak02) (3)" breakable="true" interior="0" alpha="255" model="3374" doublesided="false" scale="1" dimension="0" posX="3420.1001" posY="516" posZ="1.2" rotX="0" rotY="0" rotZ="85.995"></object>
    <object id="object (SW_haybreak02) (4)" breakable="true" interior="0" alpha="255" model="3374" doublesided="false" scale="1" dimension="0" posX="3416.1001" posY="516.29999" posZ="1.2" rotX="0" rotY="0" rotZ="85.995"></object>
    <object id="object (SW_haybreak02) (5)" breakable="true" interior="0" alpha="255" model="3374" doublesided="false" scale="1" dimension="0" posX="3424.1001" posY="515.70001" posZ="1.2" rotX="0" rotY="0" rotZ="85.995"></object>
    <object id="object (SW_haybreak02) (6)" breakable="true" interior="0" alpha="255" model="3374" doublesided="false" scale="1" dimension="0" posX="3428.1001" posY="515.40002" posZ="1.2" rotX="0" rotY="0" rotZ="85.995"></object>
    <object id="object (SW_haybreak02) (7)" breakable="true" interior="0" alpha="255" model="3374" doublesided="false" scale="1" dimension="0" posX="3412.1001" posY="516.59998" posZ="1.2" rotX="0" rotY="0" rotZ="85.995"></object>
    <object id="object (SW_haybreak02) (8)" breakable="true" interior="0" alpha="255" model="3374" doublesided="false" scale="1" dimension="0" posX="3420.3999" posY="520" posZ="1.2" rotX="0" rotY="0" rotZ="355.995"></object>
    <object id="object (SW_haybreak02) (9)" breakable="true" interior="0" alpha="255" model="3374" doublesided="false" scale="1" dimension="0" posX="3408.1001" posY="516.90002" posZ="1.2" rotX="0" rotY="0" rotZ="355.995"></object>
    <object id="object (SW_haybreak02) (10)" breakable="true" interior="0" alpha="255" model="3374" doublesided="false" scale="1" dimension="0" posX="3407.8" posY="512.90002" posZ="1.2" rotX="0" rotY="0" rotZ="355.995"></object>
    <object id="object (SW_haybreak02) (11)" breakable="true" interior="0" alpha="255" model="3374" doublesided="false" scale="1" dimension="0" posX="3431.8999" posY="515.09998" posZ="1.2" rotX="0" rotY="0" rotZ="355.995"></object>
    <object id="object (SW_haybreak02) (12)" breakable="true" interior="0" alpha="255" model="3374" doublesided="false" scale="1" dimension="0" posX="3431.7" posY="511.10001" posZ="1.2" rotX="0" rotY="0" rotZ="355.995"></object>
    <object id="object (SW_haybreak02) (13)" breakable="true" interior="0" alpha="255" model="3374" doublesided="false" scale="1" dimension="0" posX="3416.8" posY="524.09998" posZ="1.2" rotX="0" rotY="0" rotZ="355.995"></object>
    <object id="object (SW_haybreak02) (14)" breakable="true" interior="0" alpha="255" model="3374" doublesided="false" scale="1" dimension="0" posX="3412.8999" posY="524.40002" posZ="1.2" rotX="0" rotY="0" rotZ="355.995"></object>
    <object id="object (SW_haybreak02) (15)" breakable="true" interior="0" alpha="255" model="3374" doublesided="false" scale="1" dimension="0" posX="3424.6001" posY="523.70001" posZ="1.2" rotX="0" rotY="0" rotZ="355.995"></object>
    <object id="object (SW_haybreak02) (16)" breakable="true" interior="0" alpha="255" model="3374" doublesided="false" scale="1" dimension="0" posX="3428.5" posY="523.40002" posZ="1.2" rotX="0" rotY="0" rotZ="355.995"></object>
    <object id="object (SW_haybreak02) (17)" breakable="true" interior="0" alpha="255" model="3374" doublesided="false" scale="1" dimension="0" posX="3413.2" posY="528.40002" posZ="1.2" rotX="0" rotY="0" rotZ="355.995"></object>
    <object id="object (SW_haybreak02) (18)" breakable="true" interior="0" alpha="255" model="3374" doublesided="false" scale="1" dimension="0" posX="3417.1001" posY="528.09998" posZ="1.2" rotX="0" rotY="0" rotZ="355.995"></object>
    <object id="object (SW_haybreak02) (19)" breakable="true" interior="0" alpha="255" model="3374" doublesided="false" scale="1" dimension="0" posX="3421" posY="527.90002" posZ="1.2" rotX="0" rotY="0" rotZ="355.995"></object>
    <object id="object (SW_haybreak02) (20)" breakable="true" interior="0" alpha="255" model="3374" doublesided="false" scale="1" dimension="0" posX="3424.8999" posY="527.59998" posZ="1.2" rotX="0" rotY="0" rotZ="355.995"></object>
    <object id="object (SW_haybreak02) (21)" breakable="true" interior="0" alpha="255" model="3374" doublesided="false" scale="1" dimension="0" posX="3428.8" posY="527.29999" posZ="1.2" rotX="0" rotY="0" rotZ="355.995"></object>
    <object id="object (SW_haybreak02) (22)" breakable="true" interior="0" alpha="255" model="3374" doublesided="false" scale="1" dimension="0" posX="3413.5" posY="532.40002" posZ="1.2" rotX="0" rotY="0" rotZ="355.995"></object>
    <object id="object (SW_haybreak02) (23)" breakable="true" interior="0" alpha="255" model="3374" doublesided="false" scale="1" dimension="0" posX="3417.3999" posY="532.09998" posZ="1.2" rotX="0" rotY="0" rotZ="355.995"></object>
    <object id="object (SW_haybreak02) (24)" breakable="true" interior="0" alpha="255" model="3374" doublesided="false" scale="1" dimension="0" posX="3421.2" posY="531.90002" posZ="1.2" rotX="0" rotY="0" rotZ="356"></object>
    <object id="object (SW_haybreak02) (25)" breakable="true" interior="0" alpha="255" model="3374" doublesided="false" scale="1" dimension="0" posX="3425.2" posY="531.59998" posZ="1.2" rotX="0" rotY="0" rotZ="355.995"></object>
    <object id="object (SW_haybreak02) (26)" breakable="true" interior="0" alpha="255" model="3374" doublesided="false" scale="1" dimension="0" posX="3429.1001" posY="531.29999" posZ="1.2" rotX="0" rotY="0" rotZ="355.995"></object>
    <object id="object (SW_haybreak02) (27)" breakable="true" interior="0" alpha="255" model="3374" doublesided="false" scale="1" dimension="0" posX="3407.5" posY="509" posZ="1.2" rotX="0" rotY="0" rotZ="355.995"></object>
    <object id="object (SW_haybreak02) (28)" breakable="true" interior="0" alpha="255" model="3374" doublesided="false" scale="1" dimension="0" posX="3431.3999" posY="507.10001" posZ="1.2" rotX="0" rotY="0" rotZ="355.995"></object>
    <object id="object (barrio3B_LAe) (3)" breakable="true" interior="0" alpha="255" model="3698" doublesided="false" scale="1" dimension="0" posX="3412.1001" posY="502.79999" posZ="0" rotX="0" rotY="0" rotZ="356"></object>
    <object id="object (barrio3B_LAe) (4)" breakable="true" interior="0" alpha="255" model="3698" doublesided="false" scale="1" dimension="0" posX="3426.3" posY="501.79999" posZ="0" rotX="0" rotY="0" rotZ="355.995"></object>
    <object id="object (barrio3B_LAe) (5)" breakable="true" interior="0" alpha="255" model="3698" doublesided="false" scale="1" dimension="0" posX="3440.5" posY="500.79999" posZ="0" rotX="0" rotY="0" rotZ="355.995"></object>
    <object id="object (barrio3B_LAe) (6)" breakable="true" interior="0" alpha="255" model="3698" doublesided="false" scale="1" dimension="0" posX="3397.7" posY="503.79999" posZ="0" rotX="0" rotY="0" rotZ="355.995"></object>
    <object id="object (barrio3B_LAe) (7)" breakable="true" interior="0" alpha="255" model="3698" doublesided="false" scale="1" dimension="0" posX="3393.8999" posY="492.79999" posZ="3" rotX="0" rotY="336" rotZ="265.995"></object>
    <object id="object (barrio3B_LAe) (9)" breakable="true" interior="0" alpha="255" model="3698" doublesided="false" scale="1" dimension="0" posX="3442.7" posY="489.20001" posZ="3" rotX="0" rotY="335.995" rotZ="265.99"></object>
    <object id="object (barrio3B_LAe) (10)" breakable="true" interior="0" alpha="255" model="3698" doublesided="false" scale="1" dimension="0" posX="3393" posY="479.89999" posZ="8.8" rotX="0" rotY="335.995" rotZ="265.99"></object>
    <object id="object (barrio3B_LAe) (11)" breakable="true" interior="0" alpha="255" model="3698" doublesided="false" scale="1" dimension="0" posX="3441.8" posY="476.20001" posZ="8.8" rotX="0" rotY="335.995" rotZ="265.99"></object>
    <object id="object (ramplandpad) (2)" breakable="true" interior="0" alpha="255" model="13646" doublesided="false" scale="1" dimension="0" posX="3420.6001" posY="531.40002" posZ="2.1" rotX="0" rotY="0" rotZ="0"></object>
    <object id="object (ramplandpad) (3)" breakable="true" interior="0" alpha="255" model="13646" doublesided="false" scale="1" dimension="0" posX="3427.1001" posY="530.90002" posZ="2.1" rotX="0" rotY="0" rotZ="0"></object>
    <object id="object (ramplandpad) (4)" breakable="true" interior="0" alpha="255" model="13646" doublesided="false" scale="1" dimension="0" posX="3414.2" posY="525.29999" posZ="2.1" rotX="0" rotY="0" rotZ="0"></object>
    <object id="object (ramplandpad) (5)" breakable="true" interior="0" alpha="255" model="13646" doublesided="false" scale="1" dimension="0" posX="3420.3999" posY="525.09998" posZ="2.1" rotX="0" rotY="0" rotZ="0"></object>
    <object id="object (ramplandpad) (6)" breakable="true" interior="0" alpha="255" model="13646" doublesided="false" scale="1" dimension="0" posX="3426.8" posY="524.90002" posZ="2.1" rotX="0" rotY="0" rotZ="0"></object>
    <object id="object (barrio3B_LAe) (12)" breakable="true" interior="0" alpha="255" model="3698" doublesided="false" scale="1" dimension="0" posX="3395.3" posY="469.89999" posZ="11.5" rotX="0" rotY="0" rotZ="355.995"></object>
    <object id="object (barrio3B_LAe) (13)" breakable="true" interior="0" alpha="255" model="3698" doublesided="false" scale="1" dimension="0" posX="3409.7" posY="468.89999" posZ="11.5" rotX="0" rotY="0" rotZ="355.995"></object>
    <object id="object (barrio3B_LAe) (14)" breakable="true" interior="0" alpha="255" model="3698" doublesided="false" scale="1" dimension="0" posX="3424.2" posY="467.89999" posZ="11.5" rotX="0" rotY="0" rotZ="355.995"></object>
    <object id="object (barrio3B_LAe) (15)" breakable="true" interior="0" alpha="255" model="3698" doublesided="false" scale="1" dimension="0" posX="3438.2" posY="466.89999" posZ="11.5" rotX="0" rotY="0" rotZ="355.995"></object>
    <object id="object (barrio3B_LAe) (16)" breakable="true" interior="0" alpha="255" model="3698" doublesided="false" scale="1" dimension="0" posX="3391.5" posY="458.79999" posZ="11.5" rotX="0" rotY="0" rotZ="265.995"></object>
    <object id="object (barrio3B_LAe) (17)" breakable="true" interior="0" alpha="255" model="3698" doublesided="false" scale="1" dimension="0" posX="3390.5" posY="444.29999" posZ="11.5" rotX="0" rotY="0" rotZ="265.99"></object>
    <object id="object (barrio3B_LAe) (18)" breakable="true" interior="0" alpha="255" model="3698" doublesided="false" scale="1" dimension="0" posX="3389.5" posY="429.89999" posZ="11.5" rotX="0" rotY="0" rotZ="265.99"></object>
    <object id="object (barrio3B_LAe) (19)" breakable="true" interior="0" alpha="255" model="3698" doublesided="false" scale="1" dimension="0" posX="3388.5" posY="415.39999" posZ="11.5" rotX="0" rotY="0" rotZ="265.99"></object>
    <object id="object (barrio3B_LAe) (20)" breakable="true" interior="0" alpha="255" model="3698" doublesided="false" scale="1" dimension="0" posX="3440.3999" posY="455.29999" posZ="11.5" rotX="0" rotY="0" rotZ="265.995"></object>
    <object id="object (barrio3B_LAe) (21)" breakable="true" interior="0" alpha="255" model="3698" doublesided="false" scale="1" dimension="0" posX="3439.3999" posY="440.79999" posZ="11.5" rotX="0" rotY="0" rotZ="265.99"></object>
    <object id="object (barrio3B_LAe) (22)" breakable="true" interior="0" alpha="255" model="3698" doublesided="false" scale="1" dimension="0" posX="3438.3999" posY="426.20001" posZ="11.5" rotX="0" rotY="0" rotZ="265.99"></object>
    <object id="object (barrio3B_LAe) (23)" breakable="true" interior="0" alpha="255" model="3698" doublesided="false" scale="1" dimension="0" posX="3437.3999" posY="411.70001" posZ="11.5" rotX="0" rotY="0" rotZ="265.99"></object>
    <object id="object (barrio3B_LAe) (24)" breakable="true" interior="0" alpha="255" model="3698" doublesided="false" scale="1" dimension="0" posX="3390.7" posY="403.70001" posZ="11.5" rotX="0" rotY="0" rotZ="175.99"></object>
    <object id="object (barrio3B_LAe) (25)" breakable="true" interior="0" alpha="255" model="3698" doublesided="false" scale="1" dimension="0" posX="3405" posY="402.60001" posZ="11.5" rotX="0" rotY="0" rotZ="175.985"></object>
    <object id="object (barrio3B_LAe) (26)" breakable="true" interior="0" alpha="255" model="3698" doublesided="false" scale="1" dimension="0" posX="3419.3999" posY="401.60001" posZ="11.5" rotX="0" rotY="0" rotZ="175.985"></object>
    <object id="object (barrio3B_LAe) (27)" breakable="true" interior="0" alpha="255" model="3698" doublesided="false" scale="1" dimension="0" posX="3433.3999" posY="400.60001" posZ="11.5" rotX="0" rotY="0" rotZ="175.985"></object>
    <object id="object (barrio3B_LAe) (28)" breakable="true" interior="0" alpha="255" model="3698" doublesided="false" scale="1" dimension="0" posX="3450.8" posY="466" posZ="8.8" rotX="0" rotY="335.995" rotZ="175.99"></object>
    <object id="object (barrio3B_LAe) (29)" breakable="true" interior="0" alpha="255" model="3698" doublesided="false" scale="1" dimension="0" posX="3463.8" posY="465.10001" posZ="3" rotX="0" rotY="335.995" rotZ="175.99"></object>
    <object id="object (barrio3B_LAe) (30)" breakable="true" interior="0" alpha="255" model="3698" doublesided="false" scale="1" dimension="0" posX="3475.2" posY="461.29999" posZ="0" rotX="0" rotY="0" rotZ="265.99"></object>
    <object id="object (barrio3B_LAe) (31)" breakable="true" interior="0" alpha="255" model="3698" doublesided="false" scale="1" dimension="0" posX="3446.3" posY="399.70001" posZ="8.8" rotX="0" rotY="335.995" rotZ="175.985"></object>
    <object id="object (barrio3B_LAe) (32)" breakable="true" interior="0" alpha="255" model="3698" doublesided="false" scale="1" dimension="0" posX="3459.3" posY="398.79999" posZ="3" rotX="0" rotY="335.995" rotZ="175.985"></object>
    <object id="object (barrio3B_LAe) (33)" breakable="true" interior="0" alpha="255" model="3698" doublesided="false" scale="1" dimension="0" posX="3474.2" posY="447.10001" posZ="0" rotX="0" rotY="0" rotZ="265.99"></object>
    <object id="object (barrio3B_LAe) (34)" breakable="true" interior="0" alpha="255" model="3698" doublesided="false" scale="1" dimension="0" posX="3473.2" posY="432.70001" posZ="0" rotX="0" rotY="0" rotZ="265.99"></object>
    <object id="object (barrio3B_LAe) (35)" breakable="true" interior="0" alpha="255" model="3698" doublesided="false" scale="1" dimension="0" posX="3472.2" posY="418.20001" posZ="0" rotX="0" rotY="0" rotZ="265.99"></object>
    <object id="object (barrio3B_LAe) (36)" breakable="true" interior="0" alpha="255" model="3698" doublesided="false" scale="1" dimension="0" posX="3471.2" posY="403.89999" posZ="0" rotX="0" rotY="0" rotZ="265.99"></object>
    <object id="object (barrio3B_LAe) (37)" breakable="true" interior="0" alpha="255" model="3698" doublesided="false" scale="1" dimension="0" posX="3470.8999" posY="400.39999" posZ="0" rotX="0" rotY="0" rotZ="265.99"></object>
    <object id="object (SW_haybreak02) (29)" breakable="true" interior="0" alpha="255" model="3374" doublesided="false" scale="1" dimension="0" posX="3479.8999" posY="446.79999" posZ="1.2" rotX="0" rotY="0" rotZ="265.995"></object>
    <object id="object (SW_haybreak02) (30)" breakable="true" interior="0" alpha="255" model="3374" doublesided="false" scale="1" dimension="0" posX="3483.8999" posY="446.5" posZ="1.2" rotX="0" rotY="0" rotZ="265.99"></object>
    <object id="object (SW_haybreak02) (31)" breakable="true" interior="0" alpha="255" model="3374" doublesided="false" scale="1" dimension="0" posX="3487.8999" posY="446.20001" posZ="1.2" rotX="0" rotY="0" rotZ="265.99"></object>
    <object id="object (SW_haybreak02) (32)" breakable="true" interior="0" alpha="255" model="3374" doublesided="false" scale="1" dimension="0" posX="3487.7" posY="442.29999" posZ="1.2" rotX="0" rotY="0" rotZ="176.74"></object>
    <object id="object (SW_haybreak02) (33)" breakable="true" interior="0" alpha="255" model="3374" doublesided="false" scale="1" dimension="0" posX="3487.5" posY="438.29999" posZ="1.2" rotX="0" rotY="0" rotZ="176.737"></object>
    <object id="object (SW_haybreak02) (34)" breakable="true" interior="0" alpha="255" model="3374" doublesided="false" scale="1" dimension="0" posX="3487.3" posY="434.39999" posZ="1.2" rotX="0" rotY="0" rotZ="176.737"></object>
    <object id="object (SW_haybreak02) (35)" breakable="true" interior="0" alpha="255" model="3374" doublesided="false" scale="1" dimension="0" posX="3487.1001" posY="430.39999" posZ="1.2" rotX="0" rotY="0" rotZ="176.737"></object>
    <object id="object (SW_haybreak02) (36)" breakable="true" interior="0" alpha="255" model="3374" doublesided="false" scale="1" dimension="0" posX="3486.8999" posY="426.5" posZ="1.2" rotX="0" rotY="0" rotZ="176.737"></object>
    <object id="object (SW_haybreak02) (37)" breakable="true" interior="0" alpha="255" model="3374" doublesided="false" scale="1" dimension="0" posX="3486.7" posY="422.5" posZ="1.2" rotX="0" rotY="0" rotZ="267.99"></object>
    <object id="object (SW_haybreak02) (38)" breakable="true" interior="0" alpha="255" model="3374" doublesided="false" scale="1" dimension="0" posX="3482.8999" posY="422.60001" posZ="1.2" rotX="0" rotY="0" rotZ="267.99"></object>
    <object id="object (SW_haybreak02) (39)" breakable="true" interior="0" alpha="255" model="3374" doublesided="false" scale="1" dimension="0" posX="3478.8999" posY="422.70001" posZ="1.2" rotX="0" rotY="0" rotZ="267.99"></object>
    <object id="object (SW_haybreak02) (40)" breakable="true" interior="0" alpha="255" model="3374" doublesided="false" scale="1" dimension="0" posX="3491.3" posY="434.10001" posZ="1.2" rotX="0" rotY="0" rotZ="265.99"></object>
    <object id="object (SW_haybreak02) (41)" breakable="true" interior="0" alpha="255" model="3374" doublesided="false" scale="1" dimension="0" posX="3495.3" posY="433.79999" posZ="1.2" rotX="0" rotY="0" rotZ="265.99"></object>
    <object id="object (SW_haybreak02) (42)" breakable="true" interior="0" alpha="255" model="3374" doublesided="false" scale="1" dimension="0" posX="3499.3" posY="433.5" posZ="1.2" rotX="0" rotY="0" rotZ="265.99"></object>
    <object id="object (SW_haybreak02) (43)" breakable="true" interior="0" alpha="255" model="3374" doublesided="false" scale="1" dimension="0" posX="3503.2" posY="433.20001" posZ="1.2" rotX="0" rotY="0" rotZ="265.99"></object>
    <object id="object (SW_haybreak02) (44)" breakable="true" interior="0" alpha="255" model="3374" doublesided="false" scale="1" dimension="0" posX="3495.6001" posY="437.70001" posZ="1.2" rotX="0" rotY="0" rotZ="265.99"></object>
    <object id="object (SW_haybreak02) (45)" breakable="true" interior="0" alpha="255" model="3374" doublesided="false" scale="1" dimension="0" posX="3499.6001" posY="437.39999" posZ="1.2" rotX="0" rotY="0" rotZ="265.99"></object>
    <object id="object (SW_haybreak02) (46)" breakable="true" interior="0" alpha="255" model="3374" doublesided="false" scale="1" dimension="0" posX="3495.8999" posY="441.60001" posZ="1.2" rotX="0" rotY="0" rotZ="265.99"></object>
    <object id="object (SW_haybreak02) (47)" breakable="true" interior="0" alpha="255" model="3374" doublesided="false" scale="1" dimension="0" posX="3499.8999" posY="441.29999" posZ="1.2" rotX="0" rotY="0" rotZ="265.99"></object>
    <object id="object (SW_haybreak02) (48)" breakable="true" interior="0" alpha="255" model="3374" doublesided="false" scale="1" dimension="0" posX="3495" posY="429.79999" posZ="1.2" rotX="0" rotY="0" rotZ="265.99"></object>
    <object id="object (SW_haybreak02) (49)" breakable="true" interior="0" alpha="255" model="3374" doublesided="false" scale="1" dimension="0" posX="3499" posY="429.5" posZ="1.2" rotX="0" rotY="0" rotZ="265.99"></object>
    <object id="object (SW_haybreak02) (50)" breakable="true" interior="0" alpha="255" model="3374" doublesided="false" scale="1" dimension="0" posX="3494.7" posY="425.79999" posZ="1.2" rotX="0" rotY="0" rotZ="265.99"></object>
    <object id="object (SW_haybreak02) (51)" breakable="true" interior="0" alpha="255" model="3374" doublesided="false" scale="1" dimension="0" posX="3498.7" posY="425.5" posZ="1.2" rotX="0" rotY="0" rotZ="265.99"></object>
    <object id="object (SW_haybreak02) (52)" breakable="true" interior="0" alpha="255" model="3374" doublesided="false" scale="1" dimension="0" posX="3503.3999" posY="437.20001" posZ="1.2" rotX="0" rotY="0" rotZ="265.99"></object>
    <object id="object (SW_haybreak02) (53)" breakable="true" interior="0" alpha="255" model="3374" doublesided="false" scale="1" dimension="0" posX="3503.7" posY="441" posZ="1.2" rotX="0" rotY="0" rotZ="265.99"></object>
    <object id="object (SW_haybreak02) (54)" breakable="true" interior="0" alpha="255" model="3374" doublesided="false" scale="1" dimension="0" posX="3503" posY="429.20001" posZ="1.2" rotX="0" rotY="0" rotZ="265.99"></object>
    <object id="object (SW_haybreak02) (55)" breakable="true" interior="0" alpha="255" model="3374" doublesided="false" scale="1" dimension="0" posX="3502.7" posY="425.20001" posZ="1.2" rotX="0" rotY="0" rotZ="265.99"></object>
    <object id="object (ramplandpad) (7)" breakable="true" interior="0" alpha="255" model="13646" doublesided="false" scale="1" dimension="0" posX="3502.8" posY="439.89999" posZ="2.1" rotX="0" rotY="0" rotZ="0"></object>
    <object id="object (ramplandpad) (8)" breakable="true" interior="0" alpha="255" model="13646" doublesided="false" scale="1" dimension="0" posX="3496.3999" posY="440.60001" posZ="2.1" rotX="0" rotY="0" rotZ="0"></object>
    <object id="object (ramplandpad) (9)" breakable="true" interior="0" alpha="255" model="13646" doublesided="false" scale="1" dimension="0" posX="3502.2" posY="433" posZ="2.1" rotX="0" rotY="0" rotZ="0"></object>
    <object id="object (ramplandpad) (10)" breakable="true" interior="0" alpha="255" model="13646" doublesided="false" scale="1" dimension="0" posX="3501.6001" posY="426.5" posZ="2.1" rotX="0" rotY="0" rotZ="0"></object>
    <object id="object (ramplandpad) (11)" breakable="true" interior="0" alpha="255" model="13646" doublesided="false" scale="1" dimension="0" posX="3495.6001" posY="426.79999" posZ="2.1" rotX="0" rotY="0" rotZ="0"></object>
    <object id="object (ramplandpad) (12)" breakable="true" interior="0" alpha="255" model="13646" doublesided="false" scale="1" dimension="0" posX="3495.7" posY="433.39999" posZ="2.1" rotX="0" rotY="0" rotZ="0"></object>
    <object id="object (barrio3B_LAe) (38)" breakable="true" interior="0" alpha="255" model="3698" doublesided="false" scale="1" dimension="0" posX="3435.8" posY="390.60001" posZ="8.8" rotX="0" rotY="335.995" rotZ="85.984"></object>
    <object id="object (barrio3B_LAe) (39)" breakable="true" interior="0" alpha="255" model="3698" doublesided="false" scale="1" dimension="0" posX="3434.8999" posY="377.39999" posZ="2.9" rotX="0" rotY="335.995" rotZ="85.984"></object>
    <object id="object (barrio3B_LAe) (40)" breakable="true" interior="0" alpha="255" model="3698" doublesided="false" scale="1" dimension="0" posX="3431" posY="365.60001" posZ="-0.3" rotX="0" rotY="0" rotZ="355.74"></object>
    <object id="object (barrio3B_LAe) (41)" breakable="true" interior="0" alpha="255" model="3698" doublesided="false" scale="1" dimension="0" posX="3387" posY="394" posZ="8.8" rotX="0" rotY="335.995" rotZ="85.484"></object>
    <object id="object (barrio3B_LAe) (42)" breakable="true" interior="0" alpha="255" model="3698" doublesided="false" scale="1" dimension="0" posX="3386" posY="380.79999" posZ="2.9" rotX="0" rotY="335.995" rotZ="85.984"></object>
    <object id="object (barrio3B_LAe) (43)" breakable="true" interior="0" alpha="255" model="3698" doublesided="false" scale="1" dimension="0" posX="3416.6001" posY="366.70001" posZ="-0.3" rotX="0" rotY="0" rotZ="355.737"></object>
    <object id="object (barrio3B_LAe) (44)" breakable="true" interior="0" alpha="255" model="3698" doublesided="false" scale="1" dimension="0" posX="3402.2" posY="367.79999" posZ="-0.3" rotX="0" rotY="0" rotZ="355.737"></object>
    <object id="object (barrio3B_LAe) (45)" breakable="true" interior="0" alpha="255" model="3698" doublesided="false" scale="1" dimension="0" posX="3387.8" posY="368.89999" posZ="-0.3" rotX="0" rotY="0" rotZ="355.737"></object>
    <object id="object (SW_haybreak02) (56)" breakable="true" interior="0" alpha="255" model="3374" doublesided="false" scale="1" dimension="0" posX="3421.5" posY="360" posZ="1" rotX="0" rotY="0" rotZ="355.995"></object>
    <object id="object (SW_haybreak02) (57)" breakable="true" interior="0" alpha="255" model="3374" doublesided="false" scale="1" dimension="0" posX="3421.2" posY="356" posZ="1" rotX="0" rotY="0" rotZ="355.995"></object>
    <object id="object (SW_haybreak02) (58)" breakable="true" interior="0" alpha="255" model="3374" doublesided="false" scale="1" dimension="0" posX="3420.8999" posY="352" posZ="1" rotX="0" rotY="0" rotZ="355.995"></object>
    <object id="object (SW_haybreak02) (59)" breakable="true" interior="0" alpha="255" model="3374" doublesided="false" scale="1" dimension="0" posX="3416.8999" posY="352.29999" posZ="1" rotX="0" rotY="0" rotZ="265.745"></object>
    <object id="object (SW_haybreak02) (60)" breakable="true" interior="0" alpha="255" model="3374" doublesided="false" scale="1" dimension="0" posX="3412.8999" posY="352.60001" posZ="1" rotX="0" rotY="0" rotZ="265.743"></object>
    <object id="object (SW_haybreak02) (61)" breakable="true" interior="0" alpha="255" model="3374" doublesided="false" scale="1" dimension="0" posX="3408.8999" posY="352.89999" posZ="1" rotX="0" rotY="0" rotZ="265.743"></object>
    <object id="object (SW_haybreak02) (62)" breakable="true" interior="0" alpha="255" model="3374" doublesided="false" scale="1" dimension="0" posX="3404.8999" posY="353.20001" posZ="1" rotX="0" rotY="0" rotZ="265.743"></object>
    <object id="object (SW_haybreak02) (63)" breakable="true" interior="0" alpha="255" model="3374" doublesided="false" scale="1" dimension="0" posX="3400.8999" posY="353.5" posZ="1" rotX="0" rotY="0" rotZ="265.743"></object>
    <object id="object (SW_haybreak02) (64)" breakable="true" interior="0" alpha="255" model="3374" doublesided="false" scale="1" dimension="0" posX="3396.8999" posY="353.79999" posZ="1" rotX="0" rotY="0" rotZ="355.995"></object>
    <object id="object (SW_haybreak02) (65)" breakable="true" interior="0" alpha="255" model="3374" doublesided="false" scale="1" dimension="0" posX="3397.2" posY="357.70001" posZ="1" rotX="0" rotY="0" rotZ="355.995"></object>
    <object id="object (SW_haybreak02) (66)" breakable="true" interior="0" alpha="255" model="3374" doublesided="false" scale="1" dimension="0" posX="3397.5" posY="361.70001" posZ="1" rotX="0" rotY="0" rotZ="355.995"></object>
    <object id="object (SW_haybreak02) (67)" breakable="true" interior="0" alpha="255" model="3374" doublesided="false" scale="1" dimension="0" posX="3408.6001" posY="348.89999" posZ="1" rotX="0" rotY="0" rotZ="175.743"></object>
    <object id="object (SW_haybreak02) (68)" breakable="true" interior="0" alpha="255" model="3374" doublesided="false" scale="1" dimension="0" posX="3408.3" posY="344.89999" posZ="1" rotX="0" rotY="0" rotZ="175.743"></object>
    <object id="object (SW_haybreak02) (69)" breakable="true" interior="0" alpha="255" model="3374" doublesided="false" scale="1" dimension="0" posX="3412.2" posY="344.60001" posZ="1" rotX="0" rotY="0" rotZ="175.743"></object>
    <object id="object (SW_haybreak02) (70)" breakable="true" interior="0" alpha="255" model="3374" doublesided="false" scale="1" dimension="0" posX="3416.1001" posY="344.29999" posZ="1" rotX="0" rotY="0" rotZ="175.743"></object>
    <object id="object (SW_haybreak02) (71)" breakable="true" interior="0" alpha="255" model="3374" doublesided="false" scale="1" dimension="0" posX="3404.3" posY="345.10001" posZ="1" rotX="0" rotY="0" rotZ="175.743"></object>
    <object id="object (SW_haybreak02) (72)" breakable="true" interior="0" alpha="255" model="3374" doublesided="false" scale="1" dimension="0" posX="3400.3999" posY="345.29999" posZ="1" rotX="0" rotY="0" rotZ="175.743"></object>
    <object id="object (SW_haybreak02) (73)" breakable="true" interior="0" alpha="255" model="3374" doublesided="false" scale="1" dimension="0" posX="3400.1001" posY="341.29999" posZ="1" rotX="0" rotY="0" rotZ="175.743"></object>
    <object id="object (SW_haybreak02) (74)" breakable="true" interior="0" alpha="255" model="3374" doublesided="false" scale="1" dimension="0" posX="3399.8" posY="337.29999" posZ="1" rotX="0" rotY="0" rotZ="175.743"></object>
    <object id="object (SW_haybreak02) (75)" breakable="true" interior="0" alpha="255" model="3374" doublesided="false" scale="1" dimension="0" posX="3404" posY="341.10001" posZ="1" rotX="0" rotY="0" rotZ="175.743"></object>
    <object id="object (SW_haybreak02) (76)" breakable="true" interior="0" alpha="255" model="3374" doublesided="false" scale="1" dimension="0" posX="3403.7" posY="337.10001" posZ="1" rotX="0" rotY="0" rotZ="175.743"></object>
    <object id="object (SW_haybreak02) (77)" breakable="true" interior="0" alpha="255" model="3374" doublesided="false" scale="1" dimension="0" posX="3408" posY="340.89999" posZ="1" rotX="0" rotY="0" rotZ="175.743"></object>
    <object id="object (SW_haybreak02) (78)" breakable="true" interior="0" alpha="255" model="3374" doublesided="false" scale="1" dimension="0" posX="3407.7" posY="336.89999" posZ="1" rotX="0" rotY="0" rotZ="175.743"></object>
    <object id="object (SW_haybreak02) (79)" breakable="true" interior="0" alpha="255" model="3374" doublesided="false" scale="1" dimension="0" posX="3411.8999" posY="340.60001" posZ="1" rotX="0" rotY="0" rotZ="175.743"></object>
    <object id="object (SW_haybreak02) (80)" breakable="true" interior="0" alpha="255" model="3374" doublesided="false" scale="1" dimension="0" posX="3411.6001" posY="336.60001" posZ="1" rotX="0" rotY="0" rotZ="175.743"></object>
    <object id="object (SW_haybreak02) (81)" breakable="true" interior="0" alpha="255" model="3374" doublesided="false" scale="1" dimension="0" posX="3415.8" posY="340.29999" posZ="1" rotX="0" rotY="0" rotZ="175.743"></object>
    <object id="object (SW_haybreak02) (82)" breakable="true" interior="0" alpha="255" model="3374" doublesided="false" scale="1" dimension="0" posX="3415.5" posY="336.29999" posZ="1" rotX="0" rotY="0" rotZ="175.743"></object>
    <object id="object (ramplandpad) (13)" breakable="true" interior="0" alpha="255" model="13646" doublesided="false" scale="1" dimension="0" posX="3415" posY="337" posZ="1.9" rotX="0" rotY="0" rotZ="0"></object>
    <object id="object (ramplandpad) (14)" breakable="true" interior="0" alpha="255" model="13646" doublesided="false" scale="1" dimension="0" posX="3415.3999" posY="343.5" posZ="1.9" rotX="0" rotY="0" rotZ="0"></object>
    <object id="object (ramplandpad) (15)" breakable="true" interior="0" alpha="255" model="13646" doublesided="false" scale="1" dimension="0" posX="3408.3999" posY="344" posZ="1.9" rotX="0" rotY="0" rotZ="0"></object>
    <object id="object (ramplandpad) (16)" breakable="true" interior="0" alpha="255" model="13646" doublesided="false" scale="1" dimension="0" posX="3401.3999" posY="344.5" posZ="1.9" rotX="0" rotY="0" rotZ="0"></object>
    <object id="object (ramplandpad) (17)" breakable="true" interior="0" alpha="255" model="13646" doublesided="false" scale="1" dimension="0" posX="3400.8999" posY="337.89999" posZ="1.9" rotX="0" rotY="0" rotZ="0"></object>
    <object id="object (ramplandpad) (18)" breakable="true" interior="0" alpha="255" model="13646" doublesided="false" scale="1" dimension="0" posX="3407.8" posY="337.5" posZ="1.9" rotX="0" rotY="0" rotZ="0"></object>
    <object id="object (casinoblock4) (2)" breakable="false" interior="0" collisions="false" alpha="255" model="6989" doublesided="false" scale="1" dimension="0" posX="3541.3" posY="439.10001" posZ="-19" rotX="0" rotY="0" rotZ="267.995"></object>
    <object id="object (casinoblock4) (3)" breakable="false" interior="0" collisions="false" alpha="255" model="6989" doublesided="false" scale="1" dimension="0" posX="3415.3999" posY="304.39999" posZ="-21.5" rotX="0" rotY="0" rotZ="177.995"></object>
    <object id="object (casinoblock4) (4)" breakable="false" interior="0" collisions="false" alpha="255" model="6989" doublesided="false" scale="1" dimension="0" posX="3325.8" posY="449" posZ="-21.8" rotX="0" rotY="0" rotZ="85.99"></object>
    <object id="object (barrio3B_LAe) (50)" breakable="true" interior="0" collisions="false" alpha="255" model="3698" doublesided="false" scale="1" dimension="0" posX="3410" posY="433.79999" posZ="11.5" rotX="0" rotY="0" rotZ="265.995"></object>
    <object id="object (barrio3B_LAe) (51)" breakable="true" interior="0" collisions="false" alpha="255" model="3698" doublesided="false" scale="1" dimension="0" posX="3418.1001" posY="433.20001" posZ="11.5" rotX="0" rotY="0" rotZ="265.99"></object>
    <object id="object (trdlamp01) (1)" breakable="true" interior="0" alpha="255" model="3534" doublesided="false" scale="1" dimension="0" posX="3421.5" posY="427.29999" posZ="15.6" rotX="0" rotY="0" rotZ="0"></object>
    <object id="object (trdlamp01) (2)" breakable="true" interior="0" alpha="255" model="3534" doublesided="false" scale="1" dimension="0" posX="3421.6001" posY="429.10001" posZ="15.6" rotX="0" rotY="0" rotZ="0"></object>
    <object id="object (trdlamp01) (3)" breakable="true" interior="0" alpha="255" model="3534" doublesided="false" scale="1" dimension="0" posX="3421.7" posY="430.79999" posZ="15.6" rotX="0" rotY="0" rotZ="0"></object>
    <object id="object (trdlamp01) (4)" breakable="true" interior="0" alpha="255" model="3534" doublesided="false" scale="1" dimension="0" posX="3421.8999" posY="432.5" posZ="15.6" rotX="0" rotY="0" rotZ="0"></object>
    <object id="object (trdlamp01) (5)" breakable="true" interior="0" alpha="255" model="3534" doublesided="false" scale="1" dimension="0" posX="3422.1001" posY="434.29999" posZ="15.6" rotX="0" rotY="0" rotZ="0"></object>
    <object id="object (trdlamp01) (6)" breakable="true" interior="0" alpha="255" model="3534" doublesided="false" scale="1" dimension="0" posX="3422.1001" posY="436" posZ="15.6" rotX="0" rotY="0" rotZ="0"></object>
    <object id="object (trdlamp01) (7)" breakable="true" interior="0" alpha="255" model="3534" doublesided="false" scale="1" dimension="0" posX="3422.2" posY="437.89999" posZ="15.6" rotX="0" rotY="0" rotZ="0"></object>
    <object id="object (trdlamp01) (8)" breakable="true" interior="0" alpha="255" model="3534" doublesided="false" scale="1" dimension="0" posX="3422.3" posY="439.89999" posZ="15.6" rotX="0" rotY="0" rotZ="0"></object>
    <object id="object (trdlamp01) (9)" breakable="true" interior="0" alpha="255" model="3534" doublesided="false" scale="1" dimension="0" posX="3420.1001" posY="440" posZ="15.6" rotX="0" rotY="0" rotZ="0"></object>
    <object id="object (trdlamp01) (10)" breakable="true" interior="0" alpha="255" model="3534" doublesided="false" scale="1" dimension="0" posX="3417.5" posY="440.29999" posZ="15.6" rotX="0" rotY="0" rotZ="0"></object>
    <object id="object (trdlamp01) (11)" breakable="true" interior="0" alpha="255" model="3534" doublesided="false" scale="1" dimension="0" posX="3414.8" posY="440.5" posZ="15.6" rotX="0" rotY="0" rotZ="0"></object>
    <object id="object (trdlamp01) (12)" breakable="true" interior="0" alpha="255" model="3534" doublesided="false" scale="1" dimension="0" posX="3412.6001" posY="440.60001" posZ="15.6" rotX="0" rotY="0" rotZ="0"></object>
    <object id="object (trdlamp01) (13)" breakable="true" interior="0" alpha="255" model="3534" doublesided="false" scale="1" dimension="0" posX="3410.3999" posY="440.70001" posZ="15.6" rotX="0" rotY="0" rotZ="0"></object>
    <object id="object (trdlamp01) (14)" breakable="true" interior="0" alpha="255" model="3534" doublesided="false" scale="1" dimension="0" posX="3407.5" posY="440.89999" posZ="15.6" rotX="0" rotY="0" rotZ="0"></object>
    <object id="object (trdlamp01) (15)" breakable="true" interior="0" alpha="255" model="3534" doublesided="false" scale="1" dimension="0" posX="3407.1001" posY="438.70001" posZ="15.6" rotX="0" rotY="0" rotZ="0"></object>
    <object id="object (trdlamp01) (16)" breakable="true" interior="0" alpha="255" model="3534" doublesided="false" scale="1" dimension="0" posX="3406.8999" posY="436" posZ="15.6" rotX="0" rotY="0" rotZ="0"></object>
    <object id="object (trdlamp01) (17)" breakable="true" interior="0" alpha="255" model="3534" doublesided="false" scale="1" dimension="0" posX="3406.8" posY="434" posZ="15.6" rotX="0" rotY="0" rotZ="0"></object>
    <object id="object (trdlamp01) (18)" breakable="true" interior="0" alpha="255" model="3534" doublesided="false" scale="1" dimension="0" posX="3406.7" posY="432" posZ="15.6" rotX="0" rotY="0" rotZ="0"></object>
    <object id="object (trdlamp01) (19)" breakable="true" interior="0" alpha="255" model="3534" doublesided="false" scale="1" dimension="0" posX="3406.3" posY="429.5" posZ="15.6" rotX="0" rotY="0" rotZ="0"></object>
    <object id="object (trdlamp01) (20)" breakable="true" interior="0" alpha="255" model="3534" doublesided="false" scale="1" dimension="0" posX="3406.2" posY="427.29999" posZ="15.6" rotX="0" rotY="0" rotZ="0"></object>
    <object id="object (trdlamp01) (21)" breakable="true" interior="0" alpha="255" model="3534" doublesided="false" scale="1" dimension="0" posX="3408.3999" posY="427.20001" posZ="15.6" rotX="0" rotY="0" rotZ="0"></object>
    <object id="object (trdlamp01) (22)" breakable="true" interior="0" alpha="255" model="3534" doublesided="false" scale="1" dimension="0" posX="3410.6001" posY="427.10001" posZ="15.6" rotX="0" rotY="0" rotZ="0"></object>
    <object id="object (trdlamp01) (23)" breakable="true" interior="0" alpha="255" model="3534" doublesided="false" scale="1" dimension="0" posX="3412.6001" posY="427" posZ="15.6" rotX="0" rotY="0" rotZ="0"></object>
    <object id="object (trdlamp01) (24)" breakable="true" interior="0" alpha="255" model="3534" doublesided="false" scale="1" dimension="0" posX="3414.6001" posY="426.89999" posZ="15.6" rotX="0" rotY="0" rotZ="0"></object>
    <object id="object (trdlamp01) (25)" breakable="true" interior="0" alpha="255" model="3534" doublesided="false" scale="1" dimension="0" posX="3416.6001" posY="426.79999" posZ="15.6" rotX="0" rotY="0" rotZ="0"></object>
    <object id="object (trdlamp01) (26)" breakable="true" interior="0" alpha="255" model="3534" doublesided="false" scale="1" dimension="0" posX="3418.3" posY="426.70001" posZ="15.6" rotX="0" rotY="0" rotZ="0"></object>
    <object id="object (trdlamp01) (27)" breakable="true" interior="0" alpha="255" model="3534" doublesided="false" scale="1" dimension="0" posX="3420.3" posY="426.60001" posZ="15.6" rotX="0" rotY="0" rotZ="0"></object>
    <vehicle id="vehicle (Cabbie) (1)" sirens="false" paintjob="3" interior="0" alpha="255" model="438" plate="M6M4 F1O" dimension="0" posX="3411.1001" posY="433.70001" posZ="15.5" rotX="0" rotY="0" rotZ="0" color="215,142,16,164,160,150,0,0,0,0,0,0"></vehicle>
    <vehicle id="vehicle (Cabbie) (2)" sirens="false" paintjob="3" interior="0" alpha="255" model="438" plate="SCHD 771" dimension="0" posX="3418.3" posY="433.29999" posZ="15.5" rotX="0" rotY="0" rotZ="0" color="215,142,16,164,160,150,0,0,0,0,0,0"></vehicle>
    <spawnpoint id="spawnpoint (Cheetah) (1)" vehicle="415" alpha="255" interior="0" posX="3501.5" posY="426.29999" posZ="3.6" rotX="0" rotY="0" rotZ="40"></spawnpoint>
    <spawnpoint id="spawnpoint (Cheetah) (2)" vehicle="415" alpha="255" interior="0" posX="3495.3999" posY="426.79999" posZ="3.6" rotX="0" rotY="0" rotZ="322"></spawnpoint>
    <spawnpoint id="spawnpoint (Cheetah) (3)" vehicle="415" alpha="255" interior="0" posX="3502.5" posY="433" posZ="3.6" rotX="0" rotY="0" rotZ="88"></spawnpoint>
    <spawnpoint id="spawnpoint (Cheetah) (4)" vehicle="415" alpha="255" interior="0" posX="3496.1001" posY="433.5" posZ="3.6" rotX="0" rotY="0" rotZ="88"></spawnpoint>
    <spawnpoint id="spawnpoint (Cheetah) (5)" vehicle="415" alpha="255" interior="0" posX="3502.8999" posY="439.70001" posZ="3.6" rotX="0" rotY="0" rotZ="126"></spawnpoint>
    <spawnpoint id="spawnpoint (Cheetah) (6)" vehicle="415" alpha="255" interior="0" posX="3496.3999" posY="440.70001" posZ="3.6" rotX="0" rotY="0" rotZ="212"></spawnpoint>
    <spawnpoint id="spawnpoint (Cheetah) (7)" vehicle="415" alpha="255" interior="0" posX="3427.2" posY="531.09998" posZ="3.6" rotX="0" rotY="0" rotZ="136"></spawnpoint>
    <spawnpoint id="spawnpoint (Cheetah) (8)" vehicle="415" alpha="255" interior="0" posX="3426.6001" posY="525.09998" posZ="3.6" rotX="0" rotY="0" rotZ="50"></spawnpoint>
    <spawnpoint id="spawnpoint (Cheetah) (9)" vehicle="415" alpha="255" interior="0" posX="3420.6001" posY="531.5" posZ="3.6" rotX="0" rotY="0" rotZ="176"></spawnpoint>
    <spawnpoint id="spawnpoint (Cheetah) (10)" vehicle="415" alpha="255" interior="0" posX="3420.3" posY="525.5" posZ="3.6" rotX="0" rotY="0" rotZ="176"></spawnpoint>
    <spawnpoint id="spawnpoint (Cheetah) (11)" vehicle="415" alpha="255" interior="0" posX="3414.5" posY="531.90002" posZ="3.6" rotX="0" rotY="0" rotZ="218"></spawnpoint>
    <spawnpoint id="spawnpoint (Cheetah) (12)" vehicle="415" alpha="255" interior="0" posX="3414.2" posY="525.5" posZ="3.6" rotX="0" rotY="0" rotZ="306"></spawnpoint>
    <spawnpoint id="spawnpoint (Cheetah) (13)" vehicle="415" alpha="255" interior="0" posX="3400.8999" posY="337.79999" posZ="3.4" rotX="0" rotY="0" rotZ="308"></spawnpoint>
    <spawnpoint id="spawnpoint (Cheetah) (14)" vehicle="415" alpha="255" interior="0" posX="3401.3999" posY="344.20001" posZ="3.4" rotX="0" rotY="0" rotZ="224"></spawnpoint>
    <spawnpoint id="spawnpoint (Cheetah) (15)" vehicle="415" alpha="255" interior="0" posX="3407.8999" posY="337.60001" posZ="3.4" rotX="0" rotY="0" rotZ="0"></spawnpoint>
    <spawnpoint id="spawnpoint (Cheetah) (16)" vehicle="415" alpha="255" interior="0" posX="3408.3999" posY="343.60001" posZ="3.4" rotX="0" rotY="0" rotZ="0"></spawnpoint>
    <spawnpoint id="spawnpoint (Cheetah) (17)" vehicle="415" alpha="255" interior="0" posX="3414.8999" posY="337.10001" posZ="3.4" rotX="0" rotY="0" rotZ="46"></spawnpoint>
    <spawnpoint id="spawnpoint (Cheetah) (18)" vehicle="415" alpha="255" interior="0" posX="3415.1001" posY="343.20001" posZ="3.4" rotX="0" rotY="0" rotZ="134"></spawnpoint>
    <spawnpoint id="spawnpoint (Cheetah) (19)" vehicle="415" alpha="255" interior="0" posX="3421.7" posY="358.29999" posZ="3.4" rotX="0" rotY="0" rotZ="358"></spawnpoint>
    <spawnpoint id="spawnpoint (Cheetah) (20)" vehicle="415" alpha="255" interior="0" posX="3397.5" posY="358.89999" posZ="3.4" rotX="0" rotY="0" rotZ="356"></spawnpoint>
    <spawnpoint id="spawnpoint (Cheetah) (21)" vehicle="415" alpha="255" interior="0" posX="3480.3999" posY="422.70001" posZ="3.6" rotX="0" rotY="0" rotZ="88"></spawnpoint>
    <spawnpoint id="spawnpoint (Cheetah) (22)" vehicle="415" alpha="255" interior="0" posX="3488.1001" posY="439.70001" posZ="3.6" rotX="0" rotY="0" rotZ="0"></spawnpoint>
    <spawnpoint id="spawnpoint (Cheetah) (23)" vehicle="415" alpha="255" interior="0" posX="3487.3999" posY="428.20001" posZ="3.6" rotX="0" rotY="0" rotZ="176"></spawnpoint>
    <spawnpoint id="spawnpoint (Cheetah) (24)" vehicle="415" alpha="255" interior="0" posX="3482.2" posY="446.29999" posZ="3.6" rotX="0" rotY="0" rotZ="86"></spawnpoint>
    <spawnpoint id="spawnpoint (Cheetah) (25)" vehicle="415" alpha="255" interior="0" posX="3431.3999" posY="509.39999" posZ="3.6" rotX="0" rotY="0" rotZ="178"></spawnpoint>
    <spawnpoint id="spawnpoint (Cheetah) (26)" vehicle="415" alpha="255" interior="0" posX="3425.8" posY="515.90002" posZ="3.6" rotX="0" rotY="0" rotZ="266"></spawnpoint>
    <spawnpoint id="spawnpoint (Cheetah) (27)" vehicle="415" alpha="255" interior="0" posX="3414.5" posY="516.90002" posZ="3.6" rotX="0" rotY="0" rotZ="88"></spawnpoint>
    <spawnpoint id="spawnpoint (Cheetah) (28)" vehicle="415" alpha="255" interior="0" posX="3407.7" posY="511.20001" posZ="3.6" rotX="0" rotY="0" rotZ="176"></spawnpoint>
    <spawnpoint id="spawnpoint (Cheetah) (29)" vehicle="415" alpha="255" interior="0" posX="3403.6001" posY="353.39999" posZ="3.4" rotX="0" rotY="0" rotZ="86"></spawnpoint>
    <spawnpoint id="spawnpoint (Cheetah) (30)" vehicle="415" alpha="255" interior="0" posX="3414.2" posY="352.29999" posZ="3.4" rotX="0" rotY="0" rotZ="266"></spawnpoint>
    <spawnpoint id="spawnpoint (Cheetah) (31)" vehicle="415" alpha="255" interior="0" posX="3473" posY="428.70001" posZ="3.6" rotX="0" rotY="0" rotZ="86"></spawnpoint>
    <spawnpoint id="spawnpoint (Cheetah) (32)" vehicle="415" alpha="255" interior="0" posX="3474.2" posY="440.29999" posZ="3.6" rotX="0" rotY="0" rotZ="86"></spawnpoint>
    <object id="object (des_cockbody) (1)" breakable="true" interior="0" alpha="255" model="16776" doublesided="false" scale="2" dimension="0" posX="3494.8" posY="346.5" posZ="1" rotX="0" rotY="0" rotZ="320"></object>
    <object id="object (des_cockbody) (2)" breakable="true" interior="0" alpha="255" model="16776" doublesided="false" scale="2" dimension="0" posX="3342.3999" posY="348.89999" posZ="0" rotX="0" rotY="0" rotZ="199.999"></object>
    <object id="object (des_cockbody) (3)" breakable="true" interior="0" alpha="255" model="16776" doublesided="false" scale="2" dimension="0" posX="3516.2" posY="533.09998" posZ="1" rotX="0" rotY="0" rotZ="13.995"></object>
    <object id="object (des_cockbody) (4)" breakable="true" interior="0" alpha="255" model="16776" doublesided="false" scale="2" dimension="0" posX="3362.2002" posY="542.2002" posZ="0" rotX="0" rotY="0" rotZ="119.993"></object>
    <object id="object (vgwestbillbrd11) (1)" breakable="true" interior="0" alpha="255" model="7910" doublesided="false" scale="3" dimension="0" posX="3427.1001" posY="556.79999" posZ="36.5" rotX="0" rotY="0" rotZ="356"></object>
    <object id="object (vgwestbillbrd11) (2)" breakable="true" interior="0" alpha="255" model="7910" doublesided="false" scale="3" dimension="0" posX="3341.2998" posY="448.59961" posZ="34.5" rotX="0" rotY="0" rotZ="85.995"></object>
    <object id="object (vgwestbillbrd11) (3)" breakable="true" interior="0" alpha="255" model="7910" doublesided="false" scale="3" dimension="0" posX="3524.8999" posY="435.89999" posZ="30.3" rotX="0" rotY="0" rotZ="268.245"></object>
    <object id="object (vgwestbillbrd11) (4)" breakable="true" interior="0" alpha="255" model="7910" doublesided="false" scale="3" dimension="0" posX="3406.8" posY="320.70001" posZ="30.3" rotX="0" rotY="0" rotZ="178.242"></object>
    <object id="object (cen_bit_18) (1)" breakable="false" interior="0" collisions="false" alpha="255" model="16102" doublesided="false" scale="1" dimension="0" posX="3367.8" posY="500.79999" posZ="0" rotX="0" rotY="0" rotZ="0"></object>
    <object id="object (cen_bit_18) (2)" breakable="false" interior="0" collisions="false" alpha="255" model="16102" doublesided="false" scale="1" dimension="0" posX="3469.8" posY="537" posZ="0" rotX="0" rotY="0" rotZ="276"></object>
    <object id="object (cen_bit_18) (3)" breakable="false" interior="0" collisions="false" alpha="255" model="16102" doublesided="false" scale="1" dimension="0" posX="3510.2" posY="432.29999" posZ="2.8" rotX="0" rotY="0" rotZ="199.999"></object>
    <object id="object (cen_bit_18) (4)" breakable="false" interior="0" collisions="false" alpha="255" model="16102" doublesided="false" scale="1" dimension="0" posX="3411.7" posY="334.29999" posZ="0" rotX="0" rotY="0" rotZ="109.995"></object>
    <object id="object (cen_bit_18) (5)" breakable="false" interior="0" collisions="false" alpha="255" model="16102" doublesided="false" scale="1" dimension="0" posX="3372.7" posY="365.10001" posZ="0" rotX="0" rotY="0" rotZ="55.995"></object>
</map>
