<map edf:definitions="editor_main">
    <object id="object (towerlan2) (2)" breakable="true" interior="0" alpha="255" model="4585" doublesided="false" scale="1" dimension="0" posX="3629.1001" posY="445.5" posZ="30.75455" rotX="0" rotY="0" rotZ="52"></object>
    <object id="object (garages1_LAn) (1)" breakable="true" interior="0" alpha="255" model="4199" doublesided="false" scale="1" dimension="0" posX="3652.6001" posY="472.5" posZ="128.5" rotX="0" rotY="0" rotZ="142"></object>
    <object id="object (garages1_LAn) (2)" breakable="true" interior="0" alpha="255" model="4199" doublesided="false" scale="1" dimension="0" posX="3672" posY="497.39999" posZ="128.5" rotX="0" rotY="0" rotZ="141.998"></object>
    <object id="object (garages1_LAn) (3)" breakable="true" interior="0" alpha="255" model="4199" doublesided="false" scale="1" dimension="0" posX="3691.3999" posY="522.29999" posZ="128.5" rotX="0" rotY="0" rotZ="141.998"></object>
    <object id="object (towerlan2) (3)" breakable="true" interior="0" alpha="255" model="4585" doublesided="false" scale="1" dimension="0" posX="3714.1001" posY="549.59998" posZ="30.8" rotX="0" rotY="0" rotZ="51.998"></object>
    <object id="object (garages1_LAn) (4)" breakable="true" interior="0" alpha="255" model="4199" doublesided="false" scale="1" dimension="0" posX="3735.3" posY="577.59998" posZ="128.5" rotX="0" rotY="0" rotZ="141.998"></object>
    <object id="object (garages1_LAn) (5)" breakable="true" interior="0" alpha="255" model="4199" doublesided="false" scale="1" dimension="0" posX="3754.5" posY="602.09998" posZ="128.5" rotX="0" rotY="0" rotZ="141.998"></object>
    <object id="object (garages1_LAn) (6)" breakable="true" interior="0" alpha="255" model="4199" doublesided="false" scale="1" dimension="0" posX="3773.8" posY="626.79999" posZ="128.5" rotX="0" rotY="0" rotZ="141.998"></object>
    <object id="object (garages1_LAn) (7)" breakable="true" interior="0" alpha="255" model="4199" doublesided="false" scale="1" dimension="0" posX="3744.8" posY="525" posZ="128.5" rotX="0" rotY="0" rotZ="231.998"></object>
    <object id="object (garages1_LAn) (8)" breakable="true" interior="0" alpha="255" model="4199" doublesided="false" scale="1" dimension="0" posX="3769.5" posY="505.60001" posZ="128.5" rotX="0" rotY="0" rotZ="231.993"></object>
    <object id="object (garages1_LAn) (9)" breakable="true" interior="0" alpha="255" model="4199" doublesided="false" scale="1" dimension="0" posX="3794" posY="486.5" posZ="128.5" rotX="0" rotY="0" rotZ="231.993"></object>
    <object id="object (towerlan2) (4)" breakable="true" interior="0" alpha="255" model="4585" doublesided="false" scale="1" dimension="0" posX="3796.3" posY="654.09998" posZ="30.8" rotX="0" rotY="0" rotZ="51.998"></object>
    <object id="object (towerlan2) (5)" breakable="true" interior="0" alpha="255" model="4585" doublesided="false" scale="1" dimension="0" posX="3823.6001" posY="463.10001" posZ="30.8" rotX="0" rotY="0" rotZ="51.998"></object>
    <object id="object (garages1_LAn) (10)" breakable="true" interior="0" alpha="255" model="4199" doublesided="false" scale="1" dimension="0" posX="3659.2" posY="420.39999" posZ="128.5" rotX="0" rotY="0" rotZ="231.993"></object>
    <object id="object (garages1_LAn) (11)" breakable="true" interior="0" alpha="255" model="4199" doublesided="false" scale="1" dimension="0" posX="3684" posY="401" posZ="128.5" rotX="0" rotY="0" rotZ="231.993"></object>
    <object id="object (garages1_LAn) (12)" breakable="true" interior="0" alpha="255" model="4199" doublesided="false" scale="1" dimension="0" posX="3708.8" posY="381.70001" posZ="128.5" rotX="0" rotY="0" rotZ="231.993"></object>
    <object id="object (towerlan2) (6)" breakable="true" interior="0" alpha="255" model="4585" doublesided="false" scale="1" dimension="0" posX="3739.1001" posY="358.60001" posZ="30.8" rotX="0" rotY="0" rotZ="51.998"></object>
    <object id="object (garages1_LAn) (13)" breakable="true" interior="0" alpha="255" model="4199" doublesided="false" scale="1" dimension="0" posX="3824.5" posY="627.70001" posZ="128.5" rotX="0" rotY="0" rotZ="231.993"></object>
    <object id="object (garages1_LAn) (14)" breakable="true" interior="0" alpha="255" model="4199" doublesided="false" scale="1" dimension="0" posX="3849.3" posY="608.20001" posZ="128.5" rotX="0" rotY="0" rotZ="231.993"></object>
    <object id="object (garages1_LAn) (15)" breakable="true" interior="0" alpha="255" model="4199" doublesided="false" scale="1" dimension="0" posX="3874.1001" posY="588.79999" posZ="128.5" rotX="0" rotY="0" rotZ="231.993"></object>
    <object id="object (towerlan2) (7)" breakable="true" interior="0" alpha="255" model="4585" doublesided="false" scale="1" dimension="0" posX="3905.1001" posY="566.29999" posZ="30.8" rotX="0" rotY="0" rotZ="51.998"></object>
    <object id="object (garages1_LAn) (16)" breakable="true" interior="0" alpha="255" model="4199" doublesided="false" scale="1" dimension="0" posX="3761.2" posY="385.5" posZ="128.5" rotX="0" rotY="0" rotZ="141.998"></object>
    <object id="object (garages1_LAn) (17)" breakable="true" interior="0" alpha="255" model="4199" doublesided="false" scale="1" dimension="0" posX="3780.7" posY="410.39999" posZ="128.5" rotX="0" rotY="0" rotZ="141.998"></object>
    <object id="object (garages1_LAn) (18)" breakable="true" interior="0" alpha="255" model="4199" doublesided="false" scale="1" dimension="0" posX="3800.1001" posY="435.20001" posZ="128.5" rotX="0" rotY="0" rotZ="141.998"></object>
    <object id="object (garages1_LAn) (19)" breakable="true" interior="0" alpha="255" model="4199" doublesided="false" scale="1" dimension="0" posX="3819" posY="459.29999" posZ="128.5" rotX="0" rotY="0" rotZ="141.998"></object>
    <object id="object (garages1_LAn) (20)" breakable="true" interior="0" alpha="255" model="4199" doublesided="false" scale="1" dimension="0" posX="3843.7" posY="490.5" posZ="128.5" rotX="0" rotY="0" rotZ="141.998"></object>
    <object id="object (garages1_LAn) (21)" breakable="true" interior="0" alpha="255" model="4199" doublesided="false" scale="1" dimension="0" posX="3862.6001" posY="514.79999" posZ="128.5" rotX="0" rotY="0" rotZ="141.998"></object>
    <object id="object (garages1_LAn) (22)" breakable="true" interior="0" alpha="255" model="4199" doublesided="false" scale="1" dimension="0" posX="3881.7" posY="539.20001" posZ="128.5" rotX="0" rotY="0" rotZ="141.998"></object>
    <object id="object (garages1_LAn) (23)" breakable="true" interior="0" alpha="255" model="4199" doublesided="false" scale="1" dimension="0" posX="3934.6001" posY="543.09998" posZ="128.5" rotX="0" rotY="0" rotZ="231.993"></object>
    <object id="object (garages1_LAn) (24)" breakable="true" interior="0" alpha="255" model="4199" doublesided="false" scale="1" dimension="0" posX="3958.6001" posY="524.5" posZ="128.5" rotX="0" rotY="0" rotZ="231.998"></object>
    <object id="object (garages1_LAn) (25)" breakable="true" interior="0" alpha="255" model="4199" doublesided="false" scale="1" dimension="0" posX="3983.3" posY="505.20001" posZ="128.5" rotX="0" rotY="0" rotZ="231.993"></object>
    <object id="object (towerlan2) (8)" breakable="true" interior="0" alpha="255" model="4585" doublesided="false" scale="1" dimension="0" posX="4013.6001" posY="482.70001" posZ="30.8" rotX="0" rotY="0" rotZ="51.998"></object>
    <object id="object (garages1_LAn) (26)" breakable="true" interior="0" alpha="255" model="4199" doublesided="false" scale="1" dimension="0" posX="3853.1001" posY="440.20001" posZ="128.5" rotX="0" rotY="0" rotZ="231.993"></object>
    <object id="object (garages1_LAn) (27)" breakable="true" interior="0" alpha="255" model="4199" doublesided="false" scale="1" dimension="0" posX="3877.3" posY="421.20001" posZ="128.5" rotX="0" rotY="0" rotZ="231.993"></object>
    <object id="object (garages1_LAn) (28)" breakable="true" interior="0" alpha="255" model="4199" doublesided="false" scale="1" dimension="0" posX="3901.8999" posY="402" posZ="128.5" rotX="0" rotY="0" rotZ="231.993"></object>
    <object id="object (towerlan2) (9)" breakable="true" interior="0" alpha="255" model="4585" doublesided="false" scale="1" dimension="0" posX="3932" posY="377.20001" posZ="30.8" rotX="0" rotY="0" rotZ="51.998"></object>
    <object id="object (garages1_LAn) (29)" breakable="true" interior="0" alpha="255" model="4199" doublesided="false" scale="1" dimension="0" posX="3993.1001" posY="453.79999" posZ="128.5" rotX="0" rotY="0" rotZ="141.998"></object>
    <object id="object (garages1_LAn) (30)" breakable="true" interior="0" alpha="255" model="4199" doublesided="false" scale="1" dimension="0" posX="3973.8" posY="429.10001" posZ="128.5" rotX="0" rotY="0" rotZ="141.998"></object>
    <object id="object (garages1_LAn) (31)" breakable="true" interior="0" alpha="255" model="4199" doublesided="false" scale="1" dimension="0" posX="3954.3999" posY="404.39999" posZ="128.5" rotX="0" rotY="0" rotZ="141.998"></object>
    <object id="object (ad_jump) (1)" breakable="true" interior="0" alpha="255" model="3080" doublesided="false" scale="1" dimension="0" posX="3818.2" posY="456.79999" posZ="131.89999" rotX="0" rotY="0" rotZ="322"></object>
    <object id="object (ad_jump) (2)" breakable="true" interior="0" alpha="255" model="3080" doublesided="false" scale="1" dimension="0" posX="3831.8" posY="458.20001" posZ="131.89999" rotX="0" rotY="0" rotZ="51.998"></object>
    <object id="object (ad_jump) (3)" breakable="true" interior="0" alpha="255" model="3080" doublesided="false" scale="1" dimension="0" posX="3828.6001" posY="470.79999" posZ="131.89999" rotX="0" rotY="0" rotZ="139.993"></object>
    <object id="object (ad_jump) (4)" breakable="true" interior="0" alpha="255" model="3080" doublesided="false" scale="1" dimension="0" posX="3815.8999" posY="470.29999" posZ="131.89999" rotX="0" rotY="0" rotZ="231.988"></object>
    <object id="object (barrel4) (1)" breakable="true" interior="0" alpha="255" model="1225" doublesided="false" scale="1" dimension="0" posX="3823.8" posY="464" posZ="131" rotX="0" rotY="0" rotZ="0"></object>
    <object id="object (ramplandpad01) (1)" breakable="true" interior="0" alpha="255" model="13649" doublesided="false" scale="2" dimension="0" posX="3738.8" posY="358" posZ="129.5" rotX="0" rotY="0" rotZ="0"></object>
    <object id="object (ramplandpad01) (2)" breakable="true" interior="0" alpha="255" model="13649" doublesided="false" scale="1.2" dimension="0" posX="3628" posY="443.10001" posZ="129.89999" rotX="0" rotY="0" rotZ="0"></object>
    <object id="object (ramplandpad01) (3)" breakable="true" interior="0" alpha="255" model="13649" doublesided="false" scale="1.2" dimension="0" posX="3906.7" posY="567.29999" posZ="130" rotX="0" rotY="0" rotZ="0"></object>
    <object id="object (ramplandpad01) (4)" breakable="true" interior="0" alpha="255" model="13649" doublesided="false" scale="1.2" dimension="0" posX="3931.3999" posY="374.89999" posZ="130" rotX="0" rotY="0" rotZ="0"></object>
    <object id="object (ramplandpad01) (5)" breakable="true" interior="0" alpha="255" model="13649" doublesided="false" scale="1.2" dimension="0" posX="4015.2" posY="481.29999" posZ="130" rotX="0" rotY="0" rotZ="0"></object>
    <object id="object (garages1_LAn) (32)" breakable="true" interior="0" alpha="255" model="4199" doublesided="false" scale="1" dimension="0" posX="3769.3" posY="334" posZ="128.5" rotX="0" rotY="0" rotZ="231.993"></object>
    <object id="object (garages1_LAn) (33)" breakable="true" interior="0" alpha="255" model="4199" doublesided="false" scale="1" dimension="0" posX="3793.3" posY="315.10001" posZ="128.5" rotX="0" rotY="0" rotZ="231.993"></object>
    <object id="object (garages1_LAn) (34)" breakable="true" interior="0" alpha="255" model="4199" doublesided="false" scale="1" dimension="0" posX="3817.6001" posY="295.89999" posZ="128.5" rotX="0" rotY="0" rotZ="231.993"></object>
    <object id="object (towerlan2) (10)" breakable="true" interior="0" alpha="255" model="4585" doublesided="false" scale="1" dimension="0" posX="3849.8" posY="274.20001" posZ="30.8" rotX="0" rotY="0" rotZ="51.998"></object>
    <object id="object (garages1_LAn) (35)" breakable="true" interior="0" alpha="255" model="4199" doublesided="false" scale="1" dimension="0" posX="3870.8" posY="302" posZ="128.5" rotX="0" rotY="0" rotZ="141.998"></object>
    <object id="object (garages1_LAn) (36)" breakable="true" interior="0" alpha="255" model="4199" doublesided="false" scale="1" dimension="0" posX="3890" posY="326.70001" posZ="128.5" rotX="0" rotY="0" rotZ="141.998"></object>
    <object id="object (garages1_LAn) (37)" breakable="true" interior="0" alpha="255" model="4199" doublesided="false" scale="1" dimension="0" posX="3909.6001" posY="351.5" posZ="128.5" rotX="0" rotY="0" rotZ="141.998"></object>
    <object id="object (wdpillar02_lvs) (1)" breakable="true" interior="0" alpha="255" model="3499" doublesided="false" scale="1" dimension="0" posX="3851.2" posY="464.70001" posZ="136.10001" rotX="0" rotY="0" rotZ="0"></object>
    <object id="object (wdpillar02_lvs) (2)" breakable="true" interior="0" alpha="255" model="3499" doublesided="false" scale="1" dimension="0" posX="3851.2002" posY="464.7002" posZ="147" rotX="0" rotY="0" rotZ="0"></object>
    <object id="object (wdpillar02_lvs) (3)" breakable="true" interior="0" alpha="255" model="3499" doublesided="false" scale="1" dimension="0" posX="3851.2" posY="464.70001" posZ="156.39999" rotX="0" rotY="0" rotZ="0"></object>
    <object id="object (wdpillar02_lvs) (4)" breakable="true" interior="0" alpha="255" model="3499" doublesided="false" scale="1" dimension="0" posX="3829.3999" posY="435.89999" posZ="136.10001" rotX="0" rotY="0" rotZ="0"></object>
    <object id="object (wdpillar02_lvs) (5)" breakable="true" interior="0" alpha="255" model="3499" doublesided="false" scale="1" dimension="0" posX="3829.3999" posY="435.89999" posZ="147" rotX="0" rotY="0" rotZ="0"></object>
    <object id="object (wdpillar02_lvs) (6)" breakable="true" interior="0" alpha="255" model="3499" doublesided="false" scale="1" dimension="0" posX="3829.3999" posY="435.89999" posZ="156.39999" rotX="0" rotY="0" rotZ="0"></object>
    <object id="object (vgwestbillbrd11) (1)" breakable="true" interior="0" alpha="255" model="7910" doublesided="false" scale="2.2" dimension="0" posX="3839.8" posY="450.60001" posZ="169" rotX="0" rotY="0" rotZ="52"></object>
    <object id="object (wdpillar02_lvs) (7)" breakable="true" interior="0" alpha="255" model="3499" doublesided="false" scale="1" dimension="0" posX="3799.1001" posY="459.39999" posZ="136.10001" rotX="0" rotY="0" rotZ="0"></object>
    <object id="object (wdpillar02_lvs) (8)" breakable="true" interior="0" alpha="255" model="3499" doublesided="false" scale="1" dimension="0" posX="3799.1001" posY="459.39999" posZ="147" rotX="0" rotY="0" rotZ="0"></object>
    <object id="object (wdpillar02_lvs) (9)" breakable="true" interior="0" alpha="255" model="3499" doublesided="false" scale="1" dimension="0" posX="3799.1001" posY="459.39999" posZ="156.39999" rotX="0" rotY="0" rotZ="0"></object>
    <object id="object (vgwestbillbrd11) (2)" breakable="true" interior="0" alpha="255" model="7910" doublesided="false" scale="2.2" dimension="0" posX="3839.7998" posY="450.59961" posZ="169" rotX="0" rotY="0" rotZ="231.998"></object>
    <object id="object (vgwestbillbrd11) (3)" breakable="true" interior="0" alpha="255" model="7910" doublesided="false" scale="2.2" dimension="0" posX="3813.5" posY="448.60001" posZ="169" rotX="0" rotY="0" rotZ="321.993"></object>
    <object id="object (vgwestbillbrd11) (4)" breakable="true" interior="0" alpha="255" model="7910" doublesided="false" scale="2.2" dimension="0" posX="3813.5" posY="448.59961" posZ="169" rotX="0" rotY="0" rotZ="141.993"></object>
    <object id="object (vgwestbillbrd11) (5)" breakable="true" interior="0" alpha="255" model="7910" doublesided="false" scale="2.2" dimension="0" posX="3836.8" posY="475.39999" posZ="169" rotX="0" rotY="0" rotZ="141.987"></object>
    <object id="object (wdpillar02_lvs) (10)" breakable="true" interior="0" alpha="255" model="3499" doublesided="false" scale="1" dimension="0" posX="3823.2" posY="486.5" posZ="156.39999" rotX="0" rotY="0" rotZ="0"></object>
    <object id="object (wdpillar02_lvs) (11)" breakable="true" interior="0" alpha="255" model="3499" doublesided="false" scale="1" dimension="0" posX="3823.2" posY="486.60001" posZ="147" rotX="0" rotY="0" rotZ="0"></object>
    <object id="object (wdpillar02_lvs) (12)" breakable="true" interior="0" alpha="255" model="3499" doublesided="false" scale="1" dimension="0" posX="3823.2" posY="486.60001" posZ="136.10001" rotX="0" rotY="0" rotZ="0"></object>
    <object id="object (vgwestbillbrd11) (6)" breakable="true" interior="0" alpha="255" model="7910" doublesided="false" scale="2.2" dimension="0" posX="3837.5" posY="477.20001" posZ="169" rotX="0" rotY="0" rotZ="321.987"></object>
    <object id="object (vgwestbillbrd11) (7)" breakable="true" interior="0" alpha="255" model="7910" doublesided="false" scale="2.2" dimension="0" posX="3811.1001" posY="473.60001" posZ="169" rotX="0" rotY="0" rotZ="231.993"></object>
    <object id="object (a51_jetdoor) (1)" breakable="true" interior="0" alpha="255" model="3095" doublesided="false" scale="3" dimension="0" posX="3832.3999" posY="462.60001" posZ="176" rotX="0" rotY="0" rotZ="320"></object>
    <object id="object (a51_jetdoor) (2)" breakable="true" interior="0" alpha="255" model="3095" doublesided="false" scale="3" dimension="0" posX="3826.3" posY="454.89999" posZ="176" rotX="0" rotY="0" rotZ="319.999"></object>
    <object id="object (a51_jetdoor) (3)" breakable="true" interior="0" alpha="255" model="3095" doublesided="false" scale="3" dimension="0" posX="3819.8999" posY="460.29999" posZ="176" rotX="0" rotY="0" rotZ="319.999"></object>
    <object id="object (a51_jetdoor) (4)" breakable="true" interior="0" alpha="255" model="3095" doublesided="false" scale="3" dimension="0" posX="3826.2" posY="468" posZ="176" rotX="0" rotY="0" rotZ="319.999"></object>
    <object id="object (vgs_palm03) (1)" breakable="true" interior="0" alpha="255" model="712" doublesided="false" scale="1" dimension="0" posX="3918.7" posY="397.20001" posZ="140.2" rotX="0" rotY="0" rotZ="0"></object>
    <object id="object (vgs_palm03) (2)" breakable="true" interior="0" alpha="255" model="712" doublesided="false" scale="1" dimension="0" posX="3918.7002" posY="397.2002" posZ="140.2" rotX="0" rotY="0" rotZ="18"></object>
    <object id="object (vgs_palm03) (3)" breakable="true" interior="0" alpha="255" model="712" doublesided="false" scale="1" dimension="0" posX="3918.7002" posY="397.2002" posZ="140.2" rotX="0" rotY="0" rotZ="353.996"></object>
    <object id="object (vgs_palm03) (4)" breakable="true" interior="0" alpha="255" model="712" doublesided="false" scale="1" dimension="0" posX="3910.3999" posY="386.70001" posZ="140.2" rotX="0" rotY="0" rotZ="353.99"></object>
    <object id="object (vgs_palm03) (5)" breakable="true" interior="0" alpha="255" model="712" doublesided="false" scale="1" dimension="0" posX="3910.4004" posY="386.7002" posZ="140.2" rotX="0" rotY="0" rotZ="21.99"></object>
    <object id="object (vgs_palm03) (6)" breakable="true" interior="0" alpha="255" model="712" doublesided="false" scale="1" dimension="0" posX="3910.4004" posY="386.7002" posZ="140.2" rotX="0" rotY="0" rotZ="53.989"></object>
    <object id="object (circuslampost03) (1)" breakable="true" interior="0" alpha="255" model="3472" doublesided="false" scale="1" dimension="0" posX="3918.8" posY="397.39999" posZ="130.60001" rotX="0" rotY="0" rotZ="180"></object>
    <object id="object (circuslampost03) (2)" breakable="true" interior="0" alpha="255" model="3472" doublesided="false" scale="0.80000001" dimension="0" posX="3918.7998" posY="397.40039" posZ="130.60001" rotX="0" rotY="0" rotZ="104"></object>
    <object id="object (circuslampost03) (3)" breakable="true" interior="0" alpha="255" model="3472" doublesided="false" scale="0.60000002" dimension="0" posX="3918.7998" posY="397.40039" posZ="130.60001" rotX="0" rotY="0" rotZ="126"></object>
    <object id="object (circuslampost03) (4)" breakable="true" interior="0" alpha="255" model="3472" doublesided="false" scale="1" dimension="0" posX="3910.6001" posY="386.70001" posZ="130.60001" rotX="0" rotY="0" rotZ="0"></object>
    <object id="object (circuslampost03) (5)" breakable="true" interior="0" alpha="255" model="3472" doublesided="false" scale="0.69999999" dimension="0" posX="3910.6006" posY="386.7002" posZ="130.60001" rotX="0" rotY="0" rotZ="0"></object>
    <object id="object (circuslampost03) (6)" breakable="true" interior="0" alpha="255" model="3472" doublesided="false" scale="0.5" dimension="0" posX="3910.6006" posY="386.7002" posZ="130.60001" rotX="0" rotY="0" rotZ="0"></object>
    <object id="object (vgs_palm03) (7)" breakable="true" interior="0" alpha="255" model="712" doublesided="false" scale="1" dimension="0" posX="3939.3999" posY="396.10001" posZ="140.2" rotX="0" rotY="0" rotZ="353.99"></object>
    <object id="object (vgs_palm03) (8)" breakable="true" interior="0" alpha="255" model="712" doublesided="false" scale="1" dimension="0" posX="3950" posY="387.79999" posZ="140.2" rotX="0" rotY="0" rotZ="353.99"></object>
    <object id="object (circuslampost03) (7)" breakable="true" interior="0" alpha="255" model="3472" doublesided="false" scale="0.80000001" dimension="0" posX="3939.3999" posY="396.10001" posZ="130.60001" rotX="0" rotY="0" rotZ="103.997"></object>
    <object id="object (vgs_palm03) (9)" breakable="true" interior="0" alpha="255" model="712" doublesided="false" scale="1" dimension="0" posX="3939.4004" posY="396.09961" posZ="140.2" rotX="0" rotY="0" rotZ="43.99"></object>
    <object id="object (vgs_palm03) (10)" breakable="true" interior="0" alpha="255" model="712" doublesided="false" scale="1" dimension="0" posX="3939.4004" posY="396.09961" posZ="140.2" rotX="0" rotY="0" rotZ="69.989"></object>
    <object id="object (circuslampost03) (8)" breakable="true" interior="0" alpha="255" model="3472" doublesided="false" scale="1" dimension="0" posX="3939.3" posY="396" posZ="130.60001" rotX="0" rotY="0" rotZ="191.995"></object>
    <object id="object (circuslampost03) (9)" breakable="true" interior="0" alpha="255" model="3472" doublesided="false" scale="0.60000002" dimension="0" posX="3939.3999" posY="395.89999" posZ="130.60001" rotX="0" rotY="0" rotZ="171.997"></object>
    <object id="object (circuslampost03) (10)" breakable="true" interior="0" alpha="255" model="3472" doublesided="false" scale="0.60000002" dimension="0" posX="3950.2" posY="388" posZ="130.60001" rotX="0" rotY="0" rotZ="171.996"></object>
    <object id="object (circuslampost03) (11)" breakable="true" interior="0" alpha="255" model="3472" doublesided="false" scale="1" dimension="0" posX="3949.8999" posY="388" posZ="130.60001" rotX="0" rotY="0" rotZ="225.995"></object>
    <spawnpoint id="spawnpoint (Cheetah) (1)" vehicle="415" alpha="255" interior="0" posX="3738.5" posY="357.79999" posZ="131.60001" rotX="0" rotY="0" rotZ="0"></spawnpoint>
    <object id="object (circuslampost03) (14)" breakable="true" interior="0" alpha="255" model="3472" doublesided="false" scale="0.80000001" dimension="0" posX="3950" posY="387.70001" posZ="130.60001" rotX="0" rotY="0" rotZ="123.997"></object>
    <object id="object (vgs_palm03) (11)" breakable="true" interior="0" alpha="255" model="712" doublesided="false" scale="1" dimension="0" posX="3924.6001" posY="359" posZ="140.2" rotX="0" rotY="0" rotZ="353.99"></object>
    <object id="object (vgs_palm03) (12)" breakable="true" interior="0" alpha="255" model="712" doublesided="false" scale="1" dimension="0" posX="3913.5" posY="367.60001" posZ="140.2" rotX="0" rotY="0" rotZ="353.99"></object>
    <object id="object (vgs_palm03) (13)" breakable="true" interior="0" alpha="255" model="712" doublesided="false" scale="1" dimension="0" posX="3913.5" posY="367.59961" posZ="140.2" rotX="0" rotY="0" rotZ="27.99"></object>
    <object id="object (vgs_palm03) (14)" breakable="true" interior="0" alpha="255" model="712" doublesided="false" scale="1" dimension="0" posX="3913.5" posY="367.59961" posZ="140.2" rotX="0" rotY="0" rotZ="57.988"></object>
    <object id="object (vgs_palm03) (15)" breakable="true" interior="0" alpha="255" model="712" doublesided="false" scale="1" dimension="0" posX="3924.6006" posY="359" posZ="140.2" rotX="0" rotY="0" rotZ="15.99"></object>
    <object id="object (vgs_palm03) (16)" breakable="true" interior="0" alpha="255" model="712" doublesided="false" scale="1" dimension="0" posX="3924.6006" posY="359" posZ="140.2" rotX="0" rotY="0" rotZ="39.985"></object>
    <object id="object (circuslampost03) (15)" breakable="true" interior="0" alpha="255" model="3472" doublesided="false" scale="1" dimension="0" posX="3924.7" posY="359" posZ="130.60001" rotX="0" rotY="0" rotZ="225.994"></object>
    <object id="object (circuslampost03) (16)" breakable="true" interior="0" alpha="255" model="3472" doublesided="false" scale="1" dimension="0" posX="3913.6001" posY="367.60001" posZ="130.60001" rotX="0" rotY="0" rotZ="225.994"></object>
    <object id="object (circuslampost03) (17)" breakable="true" interior="0" alpha="255" model="3472" doublesided="false" scale="0.80000001" dimension="0" posX="3913.7" posY="367.70001" posZ="130.60001" rotX="0" rotY="0" rotZ="167.997"></object>
    <object id="object (circuslampost03) (18)" breakable="true" interior="0" alpha="255" model="3472" doublesided="false" scale="0.80000001" dimension="0" posX="3924.5" posY="359" posZ="130.60001" rotX="0" rotY="0" rotZ="63.992"></object>
    <spawnpoint id="spawnpoint (Hotring Racer 3) (2)" vehicle="415" alpha="255" interior="0" posX="3846.8" posY="272.60001" posZ="131.60001" rotX="0" rotY="0" rotZ="14"></spawnpoint>
    <object id="object (ramplandpad01) (6)" breakable="true" interior="0" alpha="255" model="13649" doublesided="false" scale="2" dimension="0" posX="3846.8999" posY="272.60001" posZ="129.5" rotX="0" rotY="0" rotZ="0"></object>
    <spawnpoint id="spawnpoint (Hotring Racer 3) (3)" vehicle="415" alpha="255" interior="0" posX="3931.5" posY="374.89999" posZ="131.60001" rotX="0" rotY="0" rotZ="0"></spawnpoint>
    <spawnpoint id="spawnpoint (Hotring Racer 3) (4)" vehicle="415" alpha="255" interior="0" posX="4015" posY="481.20001" posZ="131.60001" rotX="0" rotY="0" rotZ="92"></spawnpoint>
    <spawnpoint id="spawnpoint (Hotring Racer 3) (5)" vehicle="415" alpha="255" interior="0" posX="3906.8" posY="567.20001" posZ="131.60001" rotX="0" rotY="0" rotZ="114"></spawnpoint>
    <object id="object (ramplandpad01) (7)" breakable="true" interior="0" alpha="255" model="13649" doublesided="false" scale="1.2" dimension="0" posX="3906.7002" posY="567.2998" posZ="130" rotX="0" rotY="0" rotZ="0"></object>
    <object id="object (ramplandpad01) (8)" breakable="true" interior="0" alpha="255" model="13649" doublesided="false" scale="1.2" dimension="0" posX="3795.8" posY="654" posZ="130" rotX="0" rotY="0" rotZ="0"></object>
    <object id="object (ramplandpad01) (9)" breakable="true" interior="0" alpha="255" model="13649" doublesided="false" scale="1.2" dimension="0" posX="3711.8999" posY="553" posZ="130" rotX="0" rotY="0" rotZ="0"></object>
    <object id="object (circuslampost03) (19)" breakable="true" interior="0" alpha="255" model="3472" doublesided="false" scale="0.60000002" dimension="0" posX="3924.7" posY="359.10001" posZ="130.60001" rotX="0" rotY="0" rotZ="125.997"></object>
    <object id="object (circuslampost03) (20)" breakable="true" interior="0" alpha="255" model="3472" doublesided="false" scale="0.60000002" dimension="0" posX="3913.3999" posY="367.70001" posZ="130.60001" rotX="0" rotY="0" rotZ="125.997"></object>
    <spawnpoint id="spawnpoint (Hotring Racer 3) (6)" vehicle="415" alpha="255" interior="0" posX="3796.1001" posY="653.79999" posZ="131.60001" rotX="0" rotY="0" rotZ="178"></spawnpoint>
    <spawnpoint id="spawnpoint (Hotring Racer 3) (7)" vehicle="415" alpha="255" interior="0" posX="3711.8" posY="553" posZ="131.60001" rotX="0" rotY="0" rotZ="204"></spawnpoint>
    <spawnpoint id="spawnpoint (Hotring Racer 3) (8)" vehicle="415" alpha="255" interior="0" posX="3628" posY="443.29999" posZ="131.60001" rotX="0" rotY="0" rotZ="258"></spawnpoint>
    <spawnpoint id="spawnpoint (Hotring Racer 3) (9)" vehicle="415" alpha="255" interior="0" posX="3683.2" posY="401.79999" posZ="131.60001" rotX="0" rotY="0" rotZ="232"></spawnpoint>
    <spawnpoint id="spawnpoint (Hotring Racer 3) (10)" vehicle="415" alpha="255" interior="0" posX="3793.3999" posY="314.79999" posZ="131.60001" rotX="0" rotY="0" rotZ="230"></spawnpoint>
    <spawnpoint id="spawnpoint (Hotring Racer 3) (11)" vehicle="415" alpha="255" interior="0" posX="3890.3" posY="327.60001" posZ="131.60001" rotX="0" rotY="0" rotZ="322"></spawnpoint>
    <spawnpoint id="spawnpoint (Hotring Racer 3) (12)" vehicle="415" alpha="255" interior="0" posX="3972.3" posY="427.20001" posZ="131.60001" rotX="0" rotY="0" rotZ="322"></spawnpoint>
    <spawnpoint id="spawnpoint (Hotring Racer 3) (13)" vehicle="415" alpha="255" interior="0" posX="3958.5" posY="524" posZ="131.60001" rotX="0" rotY="0" rotZ="50"></spawnpoint>
    <spawnpoint id="spawnpoint (Hotring Racer 3) (14)" vehicle="415" alpha="255" interior="0" posX="3850.5" posY="606.70001" posZ="131.60001" rotX="0" rotY="0" rotZ="50"></spawnpoint>
    <spawnpoint id="spawnpoint (Hotring Racer 3) (15)" vehicle="415" alpha="255" interior="0" posX="3755.3999" posY="603" posZ="131.60001" rotX="0" rotY="0" rotZ="140.745"></spawnpoint>
    <spawnpoint id="spawnpoint (Hotring Racer 3) (16)" vehicle="415" alpha="255" interior="0" posX="3672.6001" posY="497.89999" posZ="131.60001" rotX="0" rotY="0" rotZ="138"></spawnpoint>
    <object id="object (vgs_palm03) (17)" breakable="true" interior="0" alpha="255" model="712" doublesided="false" scale="1" dimension="0" posX="3997.5" posY="470.29999" posZ="140.2" rotX="0" rotY="0" rotZ="69.988"></object>
    <object id="object (vgs_palm03) (18)" breakable="true" interior="0" alpha="255" model="712" doublesided="false" scale="1" dimension="0" posX="4008.2" posY="462.10001" posZ="140.2" rotX="0" rotY="0" rotZ="69.988"></object>
    <object id="object (circuslampost03) (21)" breakable="true" interior="0" alpha="255" model="3472" doublesided="false" scale="1" dimension="0" posX="3997.3999" posY="470.29999" posZ="130.60001" rotX="0" rotY="0" rotZ="251.992"></object>
    <spawnpoint id="spawnpoint (Hotring Racer 3) (17)" paintjob="3" interior="0" alpha="255" model="502" plate="DOM3 3FI" dimension="0" posX="3780" posY="409.60001" posZ="131.60001" rotX="0" rotY="0" rotZ="324" color="76,117,183,32,75,107,0,0,0,0,0,0"></spawnpoint>
    <object id="object (circuslampost03) (22)" breakable="true" interior="0" alpha="255" model="3472" doublesided="false" scale="1" dimension="0" posX="4008.7" posY="462.20001" posZ="130.60001" rotX="0" rotY="0" rotZ="341.988"></object>
    <object id="object (circuslampost03) (23)" breakable="true" interior="0" alpha="255" model="3472" doublesided="false" scale="0.80000001" dimension="0" posX="4008.3" posY="462.39999" posZ="130.60001" rotX="0" rotY="0" rotZ="159.997"></object>
    <object id="object (circuslampost03) (24)" breakable="true" interior="0" alpha="255" model="3472" doublesided="false" scale="0.80000001" dimension="0" posX="3997.5" posY="470.39999" posZ="130.60001" rotX="0" rotY="0" rotZ="293.994"></object>
    <object id="object (vgs_palm03) (19)" breakable="true" interior="0" alpha="255" model="712" doublesided="false" scale="1" dimension="0" posX="3991.6001" posY="490.70001" posZ="140.2" rotX="0" rotY="0" rotZ="69.988"></object>
    <object id="object (vgs_palm03) (20)" breakable="true" interior="0" alpha="255" model="712" doublesided="false" scale="1" dimension="0" posX="3999.3999" posY="500.89999" posZ="140.2" rotX="0" rotY="0" rotZ="69.988"></object>
    <object id="object (circuslampost03) (25)" breakable="true" interior="0" alpha="255" model="3472" doublesided="false" scale="1" dimension="0" posX="3991.3999" posY="490.79999" posZ="130.60001" rotX="0" rotY="0" rotZ="251.988"></object>
    <object id="object (circuslampost03) (26)" breakable="true" interior="0" alpha="255" model="3472" doublesided="false" scale="1" dimension="0" posX="3999.7" posY="500.70001" posZ="130.60001" rotX="0" rotY="0" rotZ="291.988"></object>
    <spawnpoint id="spawnpoint (Hotring Racer 3) (18)" vehicle="415" alpha="255" interior="0" posX="3780" posY="409.59961" posZ="131.60802" rotX="0" rotY="0" rotZ="323.998"></spawnpoint>
    <spawnpoint id="spawnpoint (Hotring Racer 3) (19)" vehicle="415" alpha="255" interior="0" posX="3876.3" posY="421.89999" posZ="131.60001" rotX="0" rotY="0" rotZ="50"></spawnpoint>
    <spawnpoint id="spawnpoint (Hotring Racer 3) (20)" vehicle="415" alpha="255" interior="0" posX="3863" posY="515.59998" posZ="131.60001" rotX="0" rotY="0" rotZ="142"></spawnpoint>
    <spawnpoint id="spawnpoint (Hotring Racer 3) (21)" vehicle="415" alpha="255" interior="0" posX="3767.8" posY="507.20001" posZ="131.7" rotX="0" rotY="0" rotZ="232"></spawnpoint>
    <spawnpoint id="spawnpoint (Hotring Racer 3) (22)" vehicle="415" alpha="255" interior="0" posX="3746.5" posY="522.90002" posZ="131.60001" rotX="0" rotY="0" rotZ="232.748"></spawnpoint>
    <spawnpoint id="spawnpoint (Hotring Racer 3) (23)" vehicle="415" alpha="255" interior="0" posX="3791.2" posY="488.29999" posZ="131.60001" rotX="0" rotY="0" rotZ="230"></spawnpoint>
    <spawnpoint id="spawnpoint (Hotring Racer 3) (24)" vehicle="415" alpha="255" interior="0" posX="3844.7" posY="490.89999" posZ="131.60001" rotX="0" rotY="0" rotZ="142"></spawnpoint>
    <spawnpoint id="spawnpoint (Hotring Racer 3) (25)" vehicle="415" alpha="255" interior="0" posX="3885.3999" posY="543.59998" posZ="131.60001" rotX="0" rotY="0" rotZ="142"></spawnpoint>
    <spawnpoint id="spawnpoint (Hotring Racer 3) (26)" vehicle="415" alpha="255" interior="0" posX="3903.3" posY="400.29999" posZ="131.60001" rotX="0" rotY="0" rotZ="50"></spawnpoint>
    <spawnpoint id="spawnpoint (Hotring Racer 3) (27)" vehicle="415" alpha="255" interior="0" posX="3855.3" posY="438.70001" posZ="131.60001" rotX="0" rotY="0" rotZ="52"></spawnpoint>
    <spawnpoint id="spawnpoint (Hotring Racer 3) (28)" vehicle="415" alpha="255" interior="0" posX="3761.2" posY="385.79999" posZ="131.60001" rotX="0" rotY="0" rotZ="322"></spawnpoint>
    <spawnpoint id="spawnpoint (Hotring Racer 3) (29)" vehicle="415" alpha="255" interior="0" posX="3799.8999" posY="435.39999" posZ="131.60001" rotX="0" rotY="0" rotZ="322"></spawnpoint>
    <spawnpoint id="spawnpoint (Hotring Racer 3) (30)" vehicle="415" alpha="255" interior="0" posX="3689.1001" posY="518.20001" posZ="131.60001" rotX="0" rotY="0" rotZ="144"></spawnpoint>
    <spawnpoint id="spawnpoint (Hotring Racer 3) (31)" vehicle="415" alpha="255" interior="0" posX="3652.7" posY="473.70001" posZ="131.60001" rotX="0" rotY="0" rotZ="142"></spawnpoint>
    <spawnpoint id="spawnpoint (Hotring Racer 3) (32)" vehicle="415" alpha="255" interior="0" posX="3653.3999" posY="425.79999" posZ="131.60001" rotX="0" rotY="0" rotZ="232"></spawnpoint>
    <object id="object (circuslampost03) (27)" breakable="true" interior="0" alpha="255" model="3472" doublesided="false" scale="0.60000002" dimension="0" posX="3997.6001" posY="470.29999" posZ="130.60001" rotX="0" rotY="0" rotZ="73.996"></object>
    <object id="object (circuslampost03) (28)" breakable="true" interior="0" alpha="255" model="3472" doublesided="false" scale="0.60000002" dimension="0" posX="4008.3" posY="462.20001" posZ="130.60001" rotX="0" rotY="0" rotZ="73.993"></object>
    <object id="object (circuslampost03) (29)" breakable="true" interior="0" alpha="255" model="3472" doublesided="false" scale="0.60000002" dimension="0" posX="3991.6001" posY="490.70001" posZ="130.60001" rotX="0" rotY="0" rotZ="73.993"></object>
    <object id="object (circuslampost03) (30)" breakable="true" interior="0" alpha="255" model="3472" doublesided="false" scale="0.60000002" dimension="0" posX="3999.3" posY="501" posZ="130.60001" rotX="0" rotY="0" rotZ="73.993"></object>
    <object id="object (circuslampost03) (31)" breakable="true" interior="0" alpha="255" model="3472" doublesided="false" scale="0.80000001" dimension="0" posX="3992.1001" posY="490.5" posZ="130.60001" rotX="0" rotY="0" rotZ="293.989"></object>
    <object id="object (circuslampost03) (32)" breakable="true" interior="0" alpha="255" model="3472" doublesided="false" scale="0.80000001" dimension="0" posX="3999.3999" posY="500.70001" posZ="130.60001" rotX="0" rotY="0" rotZ="353.989"></object>
    <object id="object (vgs_palm03) (21)" breakable="true" interior="0" alpha="255" model="712" doublesided="false" scale="1" dimension="0" posX="3999.4004" posY="500.90039" posZ="140.2" rotX="0" rotY="0" rotZ="99.988"></object>
    <object id="object (vgs_palm03) (22)" breakable="true" interior="0" alpha="255" model="712" doublesided="false" scale="1" dimension="0" posX="3999.4004" posY="500.90039" posZ="140.2" rotX="0" rotY="0" rotZ="151.987"></object>
    <object id="object (vgs_palm03) (23)" breakable="true" interior="0" alpha="255" model="712" doublesided="false" scale="1" dimension="0" posX="3991.6006" posY="490.7002" posZ="140.2" rotX="0" rotY="0" rotZ="111.988"></object>
    <object id="object (vgs_palm03) (24)" breakable="true" interior="0" alpha="255" model="712" doublesided="false" scale="1" dimension="0" posX="3991.6006" posY="490.7002" posZ="140.2" rotX="0" rotY="0" rotZ="153.984"></object>
    <object id="object (vgs_palm03) (25)" breakable="true" interior="0" alpha="255" model="712" doublesided="false" scale="1" dimension="0" posX="3997.5" posY="470.2998" posZ="140.2" rotX="0" rotY="0" rotZ="109.988"></object>
    <object id="object (vgs_palm03) (26)" breakable="true" interior="0" alpha="255" model="712" doublesided="false" scale="1" dimension="0" posX="3997.5" posY="470.2998" posZ="140.2" rotX="0" rotY="0" rotZ="143.984"></object>
    <object id="object (vgs_palm03) (27)" breakable="true" interior="0" alpha="255" model="712" doublesided="false" scale="1" dimension="0" posX="4008.2002" posY="462.09961" posZ="140.2" rotX="0" rotY="0" rotZ="117.988"></object>
    <object id="object (vgs_palm03) (28)" breakable="true" interior="0" alpha="255" model="712" doublesided="false" scale="1" dimension="0" posX="4008.2002" posY="462.09961" posZ="140.2" rotX="0" rotY="0" rotZ="155.988"></object>
    <object id="object (vgs_palm03) (29)" breakable="true" interior="0" alpha="255" model="712" doublesided="false" scale="1" dimension="0" posX="3927" posY="557.90002" posZ="140.2" rotX="0" rotY="0" rotZ="111.984"></object>
    <object id="object (vgs_palm03) (30)" breakable="true" interior="0" alpha="255" model="712" doublesided="false" scale="1" dimension="0" posX="3927" posY="557.90039" posZ="140.2" rotX="0" rotY="0" rotZ="171.984"></object>
    <object id="object (vgs_palm03) (31)" breakable="true" interior="0" alpha="255" model="712" doublesided="false" scale="1" dimension="0" posX="3927" posY="557.90039" posZ="140.2" rotX="0" rotY="0" rotZ="223.98"></object>
    <object id="object (vgs_palm03) (32)" breakable="true" interior="0" alpha="255" model="712" doublesided="false" scale="1" dimension="0" posX="3918.5" posY="547.20001" posZ="140.2" rotX="0" rotY="0" rotZ="223.978"></object>
    <object id="object (vgs_palm03) (33)" breakable="true" interior="0" alpha="255" model="712" doublesided="false" scale="1" dimension="0" posX="3918.5" posY="547.2002" posZ="140.2" rotX="0" rotY="0" rotZ="281.978"></object>
    <object id="object (vgs_palm03) (34)" breakable="true" interior="0" alpha="255" model="712" doublesided="false" scale="1" dimension="0" posX="3918.5" posY="547.20001" posZ="140.2" rotX="0" rotY="0" rotZ="343.975"></object>
    <object id="object (vgs_palm03) (35)" breakable="true" interior="0" alpha="255" model="712" doublesided="false" scale="1" dimension="0" posX="3897.2" posY="547.90002" posZ="140.2" rotX="0" rotY="0" rotZ="343.971"></object>
    <object id="object (vgs_palm03) (36)" breakable="true" interior="0" alpha="255" model="712" doublesided="false" scale="1" dimension="0" posX="3897.2002" posY="547.90039" posZ="140.2" rotX="0" rotY="0" rotZ="23.971"></object>
    <object id="object (vgs_palm03) (37)" breakable="true" interior="0" alpha="255" model="712" doublesided="false" scale="1" dimension="0" posX="3897.2002" posY="547.90039" posZ="140.2" rotX="0" rotY="0" rotZ="65.967"></object>
    <object id="object (vgs_palm03) (38)" breakable="true" interior="0" alpha="255" model="712" doublesided="false" scale="1" dimension="0" posX="3886.5" posY="556.20001" posZ="140.2" rotX="0" rotY="0" rotZ="65.962"></object>
    <object id="object (vgs_palm03) (39)" breakable="true" interior="0" alpha="255" model="712" doublesided="false" scale="1" dimension="0" posX="3886.5" posY="556.2002" posZ="140.2" rotX="0" rotY="0" rotZ="99.962"></object>
    <object id="object (vgs_palm03) (40)" breakable="true" interior="0" alpha="255" model="712" doublesided="false" scale="1" dimension="0" posX="3886.5" posY="556.2002" posZ="140.2" rotX="0" rotY="0" rotZ="129.959"></object>
    <object id="object (vgs_palm03) (41)" breakable="true" interior="0" alpha="255" model="712" doublesided="false" scale="1" dimension="0" posX="3882.7" posY="573.90002" posZ="140.2" rotX="0" rotY="0" rotZ="135.957"></object>
    <object id="object (vgs_palm03) (42)" breakable="true" interior="0" alpha="255" model="712" doublesided="false" scale="1" dimension="0" posX="3882.7002" posY="573.90039" posZ="140.2" rotX="0" rotY="0" rotZ="187.956"></object>
    <object id="object (vgs_palm03) (43)" breakable="true" interior="0" alpha="255" model="712" doublesided="false" scale="1" dimension="0" posX="3882.7002" posY="573.90039" posZ="140.2" rotX="0" rotY="0" rotZ="235.954"></object>
    <object id="object (vgs_palm03) (44)" breakable="true" interior="0" alpha="255" model="712" doublesided="false" scale="1" dimension="0" posX="3890.8999" posY="584.40002" posZ="140.2" rotX="0" rotY="0" rotZ="235.953"></object>
    <object id="object (vgs_palm03) (45)" breakable="true" interior="0" alpha="255" model="712" doublesided="false" scale="1" dimension="0" posX="3890.9004" posY="584.40039" posZ="140.2" rotX="0" rotY="0" rotZ="335.953"></object>
    <object id="object (vgs_palm03) (46)" breakable="true" interior="0" alpha="255" model="712" doublesided="false" scale="1" dimension="0" posX="3890.9004" posY="584.40039" posZ="140.2" rotX="0" rotY="0" rotZ="33.951"></object>
    <object id="object (circuslampost03) (33)" breakable="true" interior="0" alpha="255" model="3472" doublesided="false" scale="0.80000001" dimension="0" posX="3882.8" posY="573.90002" posZ="130.60001" rotX="0" rotY="0" rotZ="251.989"></object>
    <object id="object (circuslampost03) (34)" breakable="true" interior="0" alpha="255" model="3472" doublesided="false" scale="0.80000001" dimension="0" posX="3891" posY="584.5" posZ="130.60001" rotX="0" rotY="0" rotZ="357.988"></object>
    <object id="object (circuslampost03) (35)" breakable="true" interior="0" alpha="255" model="3472" doublesided="false" scale="0.80000001" dimension="0" posX="3927.1001" posY="557.90002" posZ="130.60001" rotX="0" rotY="0" rotZ="357.984"></object>
    <object id="object (circuslampost03) (36)" breakable="true" interior="0" alpha="255" model="3472" doublesided="false" scale="0.80000001" dimension="0" posX="3918.3999" posY="547.29999" posZ="130.60001" rotX="0" rotY="0" rotZ="357.984"></object>
    <object id="object (circuslampost03) (37)" breakable="true" interior="0" alpha="255" model="3472" doublesided="false" scale="0.80000001" dimension="0" posX="3897.2" posY="548.09998" posZ="130.60001" rotX="0" rotY="0" rotZ="45.984"></object>
    <object id="object (circuslampost03) (38)" breakable="true" interior="0" alpha="255" model="3472" doublesided="false" scale="0.80000001" dimension="0" posX="3886.6001" posY="556.09998" posZ="130.60001" rotX="0" rotY="0" rotZ="45.983"></object>
    <object id="object (circuslampost03) (40)" breakable="true" interior="0" alpha="255" model="3472" doublesided="false" scale="0.60000002" dimension="0" posX="3926.8999" posY="558" posZ="130.60001" rotX="0" rotY="0" rotZ="73.993"></object>
    <object id="object (circuslampost03) (41)" breakable="true" interior="0" alpha="255" model="3472" doublesided="false" scale="0.60000002" dimension="0" posX="3918.3999" posY="547.09998" posZ="130.60001" rotX="0" rotY="0" rotZ="131.993"></object>
    <object id="object (circuslampost03) (42)" breakable="true" interior="0" alpha="255" model="3472" doublesided="false" scale="0.60000002" dimension="0" posX="3886.7" posY="556.40002" posZ="130.60001" rotX="0" rotY="0" rotZ="131.99"></object>
    <object id="object (circuslampost03) (43)" breakable="true" interior="0" alpha="255" model="3472" doublesided="false" scale="0.60000002" dimension="0" posX="3897.2" posY="548" posZ="130.60001" rotX="0" rotY="0" rotZ="131.99"></object>
    <object id="object (circuslampost03) (44)" breakable="true" interior="0" alpha="255" model="3472" doublesided="false" scale="0.60000002" dimension="0" posX="3890.8" posY="584.29999" posZ="130.60001" rotX="0" rotY="0" rotZ="131.99"></object>
    <object id="object (circuslampost03) (45)" breakable="true" interior="0" alpha="255" model="3472" doublesided="false" scale="0.60000002" dimension="0" posX="3883" posY="573.70001" posZ="130.60001" rotX="0" rotY="0" rotZ="187.99"></object>
    <object id="object (circuslampost03) (46)" breakable="true" interior="0" alpha="255" model="3472" doublesided="false" scale="1" dimension="0" posX="3918.5" posY="547" posZ="130.60001" rotX="0" rotY="0" rotZ="251.988"></object>
    <object id="object (circuslampost03) (47)" breakable="true" interior="0" alpha="255" model="3472" doublesided="false" scale="1" dimension="0" posX="3927.2" posY="557.90002" posZ="130.60001" rotX="0" rotY="0" rotZ="89.984"></object>
    <object id="object (circuslampost03) (48)" breakable="true" interior="0" alpha="255" model="3472" doublesided="false" scale="1" dimension="0" posX="3896.8999" posY="548" posZ="130.60001" rotX="0" rotY="0" rotZ="89.984"></object>
    <object id="object (circuslampost03) (49)" breakable="true" interior="0" alpha="255" model="3472" doublesided="false" scale="1" dimension="0" posX="3886.6001" posY="556.40002" posZ="130.60001" rotX="0" rotY="0" rotZ="89.984"></object>
    <object id="object (circuslampost03) (50)" breakable="true" interior="0" alpha="255" model="3472" doublesided="false" scale="1" dimension="0" posX="3882.8" posY="573.79999" posZ="130.60001" rotX="0" rotY="0" rotZ="89.984"></object>
    <object id="object (circuslampost03) (51)" breakable="true" interior="0" alpha="255" model="3472" doublesided="false" scale="1" dimension="0" posX="3890.8" posY="584.5" posZ="130.60001" rotX="0" rotY="0" rotZ="139.984"></object>
    <object id="object (vgs_palm03) (47)" breakable="true" interior="0" alpha="255" model="712" doublesided="false" scale="1" dimension="0" posX="3834.6001" posY="291.10001" posZ="140.2" rotX="0" rotY="0" rotZ="133.959"></object>
    <object id="object (vgs_palm03) (48)" breakable="true" interior="0" alpha="255" model="712" doublesided="false" scale="1" dimension="0" posX="3826.3" posY="280.39999" posZ="140.2" rotX="0" rotY="0" rotZ="133.956"></object>
    <object id="object (vgs_palm03) (49)" breakable="true" interior="0" alpha="255" model="712" doublesided="false" scale="1" dimension="0" posX="3826.2998" posY="280.40039" posZ="140.2" rotX="0" rotY="0" rotZ="171.956"></object>
    <object id="object (vgs_palm03) (50)" breakable="true" interior="0" alpha="255" model="712" doublesided="false" scale="1" dimension="0" posX="3826.2998" posY="280.40039" posZ="140.2" rotX="0" rotY="0" rotZ="223.953"></object>
    <object id="object (vgs_palm03) (51)" breakable="true" interior="0" alpha="255" model="712" doublesided="false" scale="1" dimension="0" posX="3834.5" posY="291.10001" posZ="140.2" rotX="0" rotY="0" rotZ="223.951"></object>
    <object id="object (vgs_palm03) (52)" breakable="true" interior="0" alpha="255" model="712" doublesided="false" scale="1" dimension="0" posX="3834.5" posY="291.09961" posZ="140.2" rotX="0" rotY="0" rotZ="253.951"></object>
    <object id="object (vgs_palm03) (53)" breakable="true" interior="0" alpha="255" model="712" doublesided="false" scale="1" dimension="0" posX="3855.2" posY="293.89999" posZ="140.2" rotX="0" rotY="0" rotZ="253.949"></object>
    <object id="object (vgs_palm03) (54)" breakable="true" interior="0" alpha="255" model="712" doublesided="false" scale="1" dimension="0" posX="3855.2002" posY="293.90039" posZ="140.2" rotX="0" rotY="0" rotZ="293.949"></object>
    <object id="object (vgs_palm03) (55)" breakable="true" interior="0" alpha="255" model="712" doublesided="false" scale="1" dimension="0" posX="3855.2002" posY="293.90039" posZ="140.2" rotX="0" rotY="0" rotZ="321.945"></object>
    <object id="object (vgs_palm03) (56)" breakable="true" interior="0" alpha="255" model="712" doublesided="false" scale="1" dimension="0" posX="3866.1001" posY="285.39999" posZ="140.2" rotX="0" rotY="0" rotZ="321.943"></object>
    <object id="object (vgs_palm03) (57)" breakable="true" interior="0" alpha="255" model="712" doublesided="false" scale="1" dimension="0" posX="3866.1006" posY="285.40039" posZ="140.2" rotX="0" rotY="0" rotZ="11.943"></object>
    <object id="object (vgs_palm03) (58)" breakable="true" interior="0" alpha="255" model="712" doublesided="false" scale="1" dimension="0" posX="3866.1006" posY="285.40039" posZ="140.2" rotX="0" rotY="0" rotZ="67.942"></object>
    <object id="object (vgs_palm03) (59)" breakable="true" interior="0" alpha="255" model="712" doublesided="false" scale="1" dimension="0" posX="3760.3999" posY="349.60001" posZ="140.2" rotX="0" rotY="0" rotZ="67.939"></object>
    <object id="object (vgs_palm03) (60)" breakable="true" interior="0" alpha="255" model="712" doublesided="false" scale="1" dimension="0" posX="3760.4004" posY="349.59961" posZ="140.2" rotX="0" rotY="0" rotZ="111.939"></object>
    <object id="object (vgs_palm03) (61)" breakable="true" interior="0" alpha="255" model="712" doublesided="false" scale="1" dimension="0" posX="3760.4004" posY="349.59961" posZ="140.2" rotX="0" rotY="0" rotZ="157.934"></object>
    <object id="object (vgs_palm03) (62)" breakable="true" interior="0" alpha="255" model="712" doublesided="false" scale="1" dimension="0" posX="3751.8999" posY="338.60001" posZ="140.2" rotX="0" rotY="0" rotZ="157.934"></object>
    <object id="object (vgs_palm03) (63)" breakable="true" interior="0" alpha="255" model="712" doublesided="false" scale="1" dimension="0" posX="3751.9004" posY="338.59961" posZ="140.2" rotX="0" rotY="0" rotZ="197.934"></object>
    <object id="object (vgs_palm03) (64)" breakable="true" interior="0" alpha="255" model="712" doublesided="false" scale="1" dimension="0" posX="3751.9004" posY="338.59961" posZ="140.2" rotX="0" rotY="0" rotZ="243.93"></object>
    <object id="object (vgs_palm03) (65)" breakable="true" interior="0" alpha="255" model="712" doublesided="false" scale="1" dimension="0" posX="3756.7" posY="368.79999" posZ="140.2" rotX="0" rotY="0" rotZ="243.929"></object>
    <object id="object (vgs_palm03) (66)" breakable="true" interior="0" alpha="255" model="712" doublesided="false" scale="1" dimension="0" posX="3756.7002" posY="368.7998" posZ="140.2" rotX="0" rotY="0" rotZ="269.929"></object>
    <object id="object (vgs_palm03) (67)" breakable="true" interior="0" alpha="255" model="712" doublesided="false" scale="1" dimension="0" posX="3756.7002" posY="368.7998" posZ="140.2" rotX="0" rotY="0" rotZ="295.929"></object>
    <object id="object (vgs_palm03) (68)" breakable="true" interior="0" alpha="255" model="712" doublesided="false" scale="1" dimension="0" posX="3746.2" posY="377" posZ="140.2" rotX="0" rotY="0" rotZ="295.928"></object>
    <object id="object (vgs_palm03) (69)" breakable="true" interior="0" alpha="255" model="712" doublesided="false" scale="1" dimension="0" posX="3746.2002" posY="377" posZ="140.2" rotX="0" rotY="0" rotZ="337.928"></object>
    <object id="object (vgs_palm03) (70)" breakable="true" interior="0" alpha="255" model="712" doublesided="false" scale="1" dimension="0" posX="3746.2002" posY="377" posZ="140.2" rotX="0" rotY="0" rotZ="11.923"></object>
    <object id="object (vgs_palm03) (71)" breakable="true" interior="0" alpha="255" model="712" doublesided="false" scale="1" dimension="0" posX="3717" posY="366.5" posZ="140.2" rotX="0" rotY="0" rotZ="11.92"></object>
    <object id="object (vgs_palm03) (72)" breakable="true" interior="0" alpha="255" model="712" doublesided="false" scale="1" dimension="0" posX="3717" posY="366.5" posZ="140.2" rotX="0" rotY="0" rotZ="53.92"></object>
    <object id="object (vgs_palm03) (73)" breakable="true" interior="0" alpha="255" model="712" doublesided="false" scale="1" dimension="0" posX="3717" posY="366.5" posZ="140.2" rotX="0" rotY="0" rotZ="109.915"></object>
    <object id="object (vgs_palm03) (74)" breakable="true" interior="0" alpha="255" model="712" doublesided="false" scale="1" dimension="0" posX="3725.6001" posY="377.5" posZ="140.2" rotX="0" rotY="0" rotZ="109.913"></object>
    <object id="object (vgs_palm03) (75)" breakable="true" interior="0" alpha="255" model="712" doublesided="false" scale="1" dimension="0" posX="3725.6006" posY="377.5" posZ="140.2" rotX="0" rotY="0" rotZ="145.913"></object>
    <object id="object (vgs_palm03) (76)" breakable="true" interior="0" alpha="255" model="712" doublesided="false" scale="1" dimension="0" posX="3725.6006" posY="377.5" posZ="140.2" rotX="0" rotY="0" rotZ="185.909"></object>
    <object id="object (vgs_palm03) (77)" breakable="true" interior="0" alpha="255" model="712" doublesided="false" scale="1" dimension="0" posX="3727.3" posY="530.09998" posZ="140.2" rotX="0" rotY="0" rotZ="39.915"></object>
    <object id="object (vgs_palm03) (78)" breakable="true" interior="0" alpha="255" model="712" doublesided="false" scale="1" dimension="0" posX="3870.5" posY="264.10001" posZ="140.2" rotX="0" rotY="0" rotZ="11.942"></object>
    <object id="object (vgs_palm03) (79)" breakable="true" interior="0" alpha="255" model="712" doublesided="false" scale="1" dimension="0" posX="3862.5" posY="254.5" posZ="140.2" rotX="0" rotY="0" rotZ="11.942"></object>
    <object id="object (vgs_palm03) (80)" breakable="true" interior="0" alpha="255" model="712" doublesided="false" scale="1" dimension="0" posX="3727.2998" posY="530.09961" posZ="140.2" rotX="0" rotY="0" rotZ="61.913"></object>
    <object id="object (vgs_palm03) (81)" breakable="true" interior="0" alpha="255" model="712" doublesided="false" scale="1" dimension="0" posX="3727.2998" posY="530.09961" posZ="140.2" rotX="0" rotY="0" rotZ="229.908"></object>
    <object id="object (vgs_palm03) (82)" breakable="true" interior="0" alpha="255" model="712" doublesided="false" scale="1" dimension="0" posX="3842.3999" posY="256.39999" posZ="140.2" rotX="0" rotY="0" rotZ="11.942"></object>
    <object id="object (vgs_palm03) (83)" breakable="true" interior="0" alpha="255" model="712" doublesided="false" scale="1" dimension="0" posX="3735.5" posY="540.79999" posZ="140.2" rotX="0" rotY="0" rotZ="229.905"></object>
    <object id="object (vgs_palm03) (84)" breakable="true" interior="0" alpha="255" model="712" doublesided="false" scale="1" dimension="0" posX="3833.3999" posY="264" posZ="140.2" rotX="0" rotY="0" rotZ="11.942"></object>
    <object id="object (vgs_palm03) (85)" breakable="true" interior="0" alpha="255" model="712" doublesided="false" scale="1" dimension="0" posX="3735.5" posY="540.7998" posZ="140.2" rotX="0" rotY="0" rotZ="279.905"></object>
    <object id="object (vgs_palm03) (86)" breakable="true" interior="0" alpha="255" model="712" doublesided="false" scale="1" dimension="0" posX="3735.5" posY="540.7998" posZ="140.2" rotX="0" rotY="0" rotZ="319.904"></object>
    <object id="object (vgs_palm03) (87)" breakable="true" interior="0" alpha="255" model="712" doublesided="false" scale="1" dimension="0" posX="3719.8999" posY="569" posZ="140.2" rotX="0" rotY="0" rotZ="319.9"></object>
    <object id="object (vgs_palm03) (88)" breakable="true" interior="0" alpha="255" model="712" doublesided="false" scale="1" dimension="0" posX="3719.9004" posY="569" posZ="140.2" rotX="0" rotY="0" rotZ="347.9"></object>
    <object id="object (vgs_palm03) (89)" breakable="true" interior="0" alpha="255" model="712" doublesided="false" scale="1" dimension="0" posX="3719.9004" posY="569" posZ="140.2" rotX="0" rotY="0" rotZ="25.899"></object>
    <object id="object (vgs_palm03) (90)" breakable="true" interior="0" alpha="255" model="712" doublesided="false" scale="1" dimension="0" posX="3730.5" posY="560.59998" posZ="140.2" rotX="0" rotY="0" rotZ="25.895"></object>
    <object id="object (vgs_palm03) (91)" breakable="true" interior="0" alpha="255" model="712" doublesided="false" scale="1" dimension="0" posX="3734" posY="339.60001" posZ="140.2" rotX="0" rotY="0" rotZ="197.93"></object>
    <object id="object (vgs_palm03) (92)" breakable="true" interior="0" alpha="255" model="712" doublesided="false" scale="1" dimension="0" posX="3730.5" posY="560.59961" posZ="140.2" rotX="0" rotY="0" rotZ="65.895"></object>
    <object id="object (vgs_palm03) (93)" breakable="true" interior="0" alpha="255" model="712" doublesided="false" scale="1" dimension="0" posX="3730.5" posY="560.59961" posZ="140.2" rotX="0" rotY="0" rotZ="107.891"></object>
    <object id="object (vgs_palm03) (94)" breakable="true" interior="0" alpha="255" model="712" doublesided="false" scale="1" dimension="0" posX="3724.5" posY="346.79999" posZ="140.2" rotX="0" rotY="0" rotZ="197.93"></object>
    <object id="object (vgs_palm03) (95)" breakable="true" interior="0" alpha="255" model="712" doublesided="false" scale="1" dimension="0" posX="3707" posY="531.20001" posZ="140.2" rotX="0" rotY="0" rotZ="107.886"></object>
    <object id="object (vgs_palm03) (96)" breakable="true" interior="0" alpha="255" model="712" doublesided="false" scale="1" dimension="0" posX="3707" posY="531.2002" posZ="140.2" rotX="0" rotY="0" rotZ="145.886"></object>
    <object id="object (vgs_palm03) (97)" breakable="true" interior="0" alpha="255" model="712" doublesided="false" scale="1" dimension="0" posX="3707" posY="531.2002" posZ="140.2" rotX="0" rotY="0" rotZ="219.882"></object>
    <object id="object (vgs_palm03) (98)" breakable="true" interior="0" alpha="255" model="712" doublesided="false" scale="1" dimension="0" posX="3640.8999" posY="424.60001" posZ="140.10001" rotX="0" rotY="0" rotZ="197.93"></object>
    <object id="object (vgs_palm03) (99)" breakable="true" interior="0" alpha="255" model="712" doublesided="false" scale="1" dimension="0" posX="3696.3999" posY="539.40002" posZ="140.2" rotX="0" rotY="0" rotZ="219.88"></object>
    <object id="object (vgs_palm03) (100)" breakable="true" interior="0" alpha="255" model="712" doublesided="false" scale="1" dimension="0" posX="3696.4004" posY="539.40039" posZ="140.2" rotX="0" rotY="0" rotZ="261.88"></object>
    <object id="object (vgs_palm03) (101)" breakable="true" interior="0" alpha="255" model="712" doublesided="false" scale="1" dimension="0" posX="3696.4004" posY="539.40039" posZ="140.2" rotX="0" rotY="0" rotZ="333.876"></object>
    <object id="object (vgwestbillbrd11) (9)" breakable="true" interior="0" alpha="255" model="7910" doublesided="false" scale="2.2" dimension="0" posX="3810.6001" posY="475.39999" posZ="169" rotX="0" rotY="0" rotZ="49.993"></object>
    <object id="object (vgs_palm03) (102)" breakable="true" interior="0" alpha="255" model="712" doublesided="false" scale="1" dimension="0" posX="3650.2" posY="436.60001" posZ="140.10001" rotX="0" rotY="0" rotZ="197.93"></object>
    <object id="object (vgs_palm03) (103)" breakable="true" interior="0" alpha="255" model="712" doublesided="false" scale="1" dimension="0" posX="3648.5" posY="454.10001" posZ="140.10001" rotX="0" rotY="0" rotZ="197.93"></object>
    <object id="object (vgs_palm03) (104)" breakable="true" interior="0" alpha="255" model="712" doublesided="false" scale="1" dimension="0" posX="3636.2" posY="463.20001" posZ="140.10001" rotX="0" rotY="0" rotZ="197.93"></object>
    <object id="object (vgs_palm03) (105)" breakable="true" interior="0" alpha="255" model="712" doublesided="false" scale="1" dimension="0" posX="3615.5" posY="463" posZ="140.10001" rotX="0" rotY="0" rotZ="197.93"></object>
    <object id="object (vgs_palm03) (106)" breakable="true" interior="0" alpha="255" model="712" doublesided="false" scale="1" dimension="0" posX="3607.1001" posY="452.89999" posZ="140.10001" rotX="0" rotY="0" rotZ="197.93"></object>
    <object id="object (vgs_palm03) (107)" breakable="true" interior="0" alpha="255" model="712" doublesided="false" scale="1" dimension="0" posX="3614.1001" posY="434.39999" posZ="140.10001" rotX="0" rotY="0" rotZ="197.93"></object>
    <object id="object (vgs_palm03) (108)" breakable="true" interior="0" alpha="255" model="712" doublesided="false" scale="1" dimension="0" posX="3624.6001" posY="426.70001" posZ="140.10001" rotX="0" rotY="0" rotZ="197.93"></object>
    <object id="object (vgs_palm03) (109)" breakable="true" interior="0" alpha="255" model="712" doublesided="false" scale="1" dimension="0" posX="3700.3999" posY="566.70001" posZ="140.2" rotX="0" rotY="0" rotZ="25.895"></object>
    <object id="object (vgs_palm03) (110)" breakable="true" interior="0" alpha="255" model="712" doublesided="false" scale="1" dimension="0" posX="3816" posY="643" posZ="140.2" rotX="0" rotY="0" rotZ="135.956"></object>
    <object id="object (vgs_palm03) (111)" breakable="true" interior="0" alpha="255" model="712" doublesided="false" scale="1" dimension="0" posX="3692.6001" posY="556.59998" posZ="140.2" rotX="0" rotY="0" rotZ="25.895"></object>
    <object id="object (vgs_palm03) (112)" breakable="true" interior="0" alpha="255" model="712" doublesided="false" scale="1" dimension="0" posX="3816" posY="643" posZ="140.2" rotX="0" rotY="0" rotZ="175.956"></object>
    <object id="object (vgs_palm03) (113)" breakable="true" interior="0" alpha="255" model="712" doublesided="false" scale="1" dimension="0" posX="3816" posY="643" posZ="140.2" rotX="0" rotY="0" rotZ="215.952"></object>
    <object id="object (vgs_palm03) (114)" breakable="true" interior="0" alpha="255" model="712" doublesided="false" scale="1" dimension="0" posX="3807.8" posY="632.5" posZ="140.2" rotX="0" rotY="0" rotZ="215.947"></object>
    <object id="object (vgs_palm03) (115)" breakable="true" interior="0" alpha="255" model="712" doublesided="false" scale="1" dimension="0" posX="3807.7998" posY="632.5" posZ="140.2" rotX="0" rotY="0" rotZ="255.947"></object>
    <object id="object (vgs_palm03) (116)" breakable="true" interior="0" alpha="255" model="712" doublesided="false" scale="1" dimension="0" posX="3807.7998" posY="632.5" posZ="140.2" rotX="0" rotY="0" rotZ="287.943"></object>
    <object id="object (vgs_palm03) (117)" breakable="true" interior="0" alpha="255" model="712" doublesided="false" scale="1" dimension="0" posX="3789.3" posY="635.70001" posZ="140.2" rotX="0" rotY="0" rotZ="287.941"></object>
    <object id="object (vgs_palm03) (118)" breakable="true" interior="0" alpha="255" model="712" doublesided="false" scale="1" dimension="0" posX="3789.2998" posY="635.7002" posZ="140.2" rotX="0" rotY="0" rotZ="329.941"></object>
    <object id="object (vgs_palm03) (119)" breakable="true" interior="0" alpha="255" model="712" doublesided="false" scale="1" dimension="0" posX="3789.2998" posY="635.7002" posZ="140.2" rotX="0" rotY="0" rotZ="13.936"></object>
    <object id="object (vgs_palm03) (120)" breakable="true" interior="0" alpha="255" model="712" doublesided="false" scale="1" dimension="0" posX="3778.8" posY="643.79999" posZ="140.2" rotX="0" rotY="0" rotZ="13.931"></object>
    <object id="object (vgs_palm03) (121)" breakable="true" interior="0" alpha="255" model="712" doublesided="false" scale="1" dimension="0" posX="3778.7998" posY="643.7998" posZ="140.2" rotX="0" rotY="0" rotZ="55.931"></object>
    <object id="object (vgs_palm03) (122)" breakable="true" interior="0" alpha="255" model="712" doublesided="false" scale="1" dimension="0" posX="3778.7998" posY="643.7998" posZ="140.2" rotX="0" rotY="0" rotZ="95.926"></object>
    <object id="object (vgs_palm03) (123)" breakable="true" interior="0" alpha="255" model="712" doublesided="false" scale="1" dimension="0" posX="3772.3999" posY="659.59998" posZ="140.2" rotX="0" rotY="0" rotZ="55.926"></object>
    <object id="object (vgs_palm03) (124)" breakable="true" interior="0" alpha="255" model="712" doublesided="false" scale="1" dimension="0" posX="3780.8" posY="670.09998" posZ="140.2" rotX="0" rotY="0" rotZ="55.926"></object>
    <object id="object (circuslampost03) (52)" breakable="true" interior="0" alpha="255" model="3472" doublesided="false" scale="1" dimension="0" posX="3807.8" posY="632.5" posZ="130.60001" rotX="0" rotY="0" rotZ="179.995"></object>
    <object id="object (vgs_palm03) (125)" breakable="true" interior="0" alpha="255" model="712" doublesided="false" scale="1" dimension="0" posX="3801.8999" posY="673.20001" posZ="140.2" rotX="0" rotY="0" rotZ="55.926"></object>
    <object id="object (circuslampost03) (53)" breakable="true" interior="0" alpha="255" model="3472" doublesided="false" scale="1" dimension="0" posX="3816.2" posY="642.59998" posZ="130.60001" rotX="0" rotY="0" rotZ="179.995"></object>
    <object id="object (vgs_palm03) (126)" breakable="true" interior="0" alpha="255" model="712" doublesided="false" scale="1" dimension="0" posX="3811.8999" posY="665.40002" posZ="140.2" rotX="0" rotY="0" rotZ="55.926"></object>
    <object id="object (circuslampost03) (54)" breakable="true" interior="0" alpha="255" model="3472" doublesided="false" scale="1" dimension="0" posX="3811.7" posY="665.29999" posZ="130.60001" rotX="0" rotY="0" rotZ="179.995"></object>
    <object id="object (circuslampost03) (55)" breakable="true" interior="0" alpha="255" model="3472" doublesided="false" scale="1" dimension="0" posX="3801.5" posY="672.90002" posZ="130.60001" rotX="0" rotY="0" rotZ="179.995"></object>
    <object id="object (circuslampost03) (56)" breakable="true" interior="0" alpha="255" model="3472" doublesided="false" scale="1" dimension="0" posX="3780.8" posY="670" posZ="130.60001" rotX="0" rotY="0" rotZ="235.995"></object>
    <object id="object (circuslampost03) (57)" breakable="true" interior="0" alpha="255" model="3472" doublesided="false" scale="1" dimension="0" posX="3772.6001" posY="659.5" posZ="130.60001" rotX="0" rotY="0" rotZ="319.992"></object>
    <object id="object (circuslampost03) (58)" breakable="true" interior="0" alpha="255" model="3472" doublesided="false" scale="1" dimension="0" posX="3789.2" posY="635.70001" posZ="130.60001" rotX="0" rotY="0" rotZ="319.988"></object>
    <object id="object (circuslampost03) (59)" breakable="true" interior="0" alpha="255" model="3472" doublesided="false" scale="1" dimension="0" posX="3778.7" posY="643.70001" posZ="130.60001" rotX="0" rotY="0" rotZ="319.988"></object>
    <object id="object (circuslampost03) (60)" breakable="true" interior="0" alpha="255" model="3472" doublesided="false" scale="0.80000001" dimension="0" posX="3855.3" posY="293.89999" posZ="130.60001" rotX="0" rotY="0" rotZ="139.997"></object>
    <object id="object (circuslampost03) (61)" breakable="true" interior="0" alpha="255" model="3472" doublesided="false" scale="0.80000001" dimension="0" posX="3866.2" posY="285.5" posZ="130.60001" rotX="0" rotY="0" rotZ="175.993"></object>
    <object id="object (circuslampost03) (62)" breakable="true" interior="0" alpha="255" model="3472" doublesided="false" scale="0.80000001" dimension="0" posX="3870.6001" posY="264.10001" posZ="130.60001" rotX="0" rotY="0" rotZ="221.99"></object>
    <object id="object (circuslampost03) (63)" breakable="true" interior="0" alpha="255" model="3472" doublesided="false" scale="0.80000001" dimension="0" posX="3862.6001" posY="254.5" posZ="130.60001" rotX="0" rotY="0" rotZ="279.99"></object>
    <object id="object (circuslampost03) (64)" breakable="true" interior="0" alpha="255" model="3472" doublesided="false" scale="0.80000001" dimension="0" posX="3842.5" posY="256.60001" posZ="130.60001" rotX="0" rotY="0" rotZ="303.987"></object>
    <object id="object (circuslampost03) (65)" breakable="true" interior="0" alpha="255" model="3472" doublesided="false" scale="0.80000001" dimension="0" posX="3833.3999" posY="264" posZ="130.60001" rotX="0" rotY="0" rotZ="303.986"></object>
    <object id="object (circuslampost03) (66)" breakable="true" interior="0" alpha="255" model="3472" doublesided="false" scale="0.80000001" dimension="0" posX="3826.2" posY="280.39999" posZ="130.60001" rotX="0" rotY="0" rotZ="343.986"></object>
    <object id="object (circuslampost03) (67)" breakable="true" interior="0" alpha="255" model="3472" doublesided="false" scale="0.80000001" dimension="0" posX="3834.7" posY="291" posZ="130.60001" rotX="0" rotY="0" rotZ="343.982"></object>
    <object id="object (circuslampost03) (68)" breakable="true" interior="0" alpha="255" model="3472" doublesided="false" scale="0.80000001" dimension="0" posX="3692.6001" posY="556.70001" posZ="130.60001" rotX="0" rotY="0" rotZ="343.982"></object>
    <object id="object (circuslampost03) (69)" breakable="true" interior="0" alpha="255" model="3472" doublesided="false" scale="0.80000001" dimension="0" posX="3700.3999" posY="566.79999" posZ="130.60001" rotX="0" rotY="0" rotZ="15.982"></object>
    <object id="object (circuslampost03) (70)" breakable="true" interior="0" alpha="255" model="3472" doublesided="false" scale="0.80000001" dimension="0" posX="3735.3999" posY="540.79999" posZ="130.60001" rotX="0" rotY="0" rotZ="15.98"></object>
    <object id="object (circuslampost03) (71)" breakable="true" interior="0" alpha="255" model="3472" doublesided="false" scale="0.80000001" dimension="0" posX="3727.2" posY="530.20001" posZ="130.60001" rotX="0" rotY="0" rotZ="67.98"></object>
    <object id="object (circuslampost03) (72)" breakable="true" interior="0" alpha="255" model="3472" doublesided="false" scale="0.80000001" dimension="0" posX="3707" posY="531.29999" posZ="130.60001" rotX="0" rotY="0" rotZ="67.978"></object>
    <object id="object (circuslampost03) (73)" breakable="true" interior="0" alpha="255" model="3472" doublesided="false" scale="0.80000001" dimension="0" posX="3696.5" posY="539.5" posZ="130.60001" rotX="0" rotY="0" rotZ="67.978"></object>
    <object id="object (circuslampost03) (74)" breakable="true" interior="0" alpha="255" model="3472" doublesided="false" scale="0.80000001" dimension="0" posX="3730.6001" posY="560.79999" posZ="130.60001" rotX="0" rotY="0" rotZ="83.978"></object>
    <object id="object (circuslampost03) (75)" breakable="true" interior="0" alpha="255" model="3472" doublesided="false" scale="0.80000001" dimension="0" posX="3719.8" posY="568.79999" posZ="130.60001" rotX="0" rotY="0" rotZ="111.974"></object>
    <object id="object (circuslampost03) (76)" breakable="true" interior="0" alpha="255" model="3472" doublesided="false" scale="0.80000001" dimension="0" posX="3636.3999" posY="463.20001" posZ="130.60001" rotX="0" rotY="0" rotZ="111.973"></object>
    <object id="object (circuslampost03) (77)" breakable="true" interior="0" alpha="255" model="3472" doublesided="false" scale="0.80000001" dimension="0" posX="3648.5" posY="454.10001" posZ="130.60001" rotX="0" rotY="0" rotZ="111.973"></object>
    <object id="object (circuslampost03) (78)" breakable="true" interior="0" alpha="255" model="3472" doublesided="false" scale="0.80000001" dimension="0" posX="3650.1001" posY="436.70001" posZ="130.60001" rotX="0" rotY="0" rotZ="111.973"></object>
    <object id="object (circuslampost03) (79)" breakable="true" interior="0" alpha="255" model="3472" doublesided="false" scale="0.80000001" dimension="0" posX="3641" posY="424.60001" posZ="130.60001" rotX="0" rotY="0" rotZ="111.973"></object>
    <object id="object (circuslampost03) (80)" breakable="true" interior="0" alpha="255" model="3472" doublesided="false" scale="0.80000001" dimension="0" posX="3624.6001" posY="426.70001" posZ="130.60001" rotX="0" rotY="0" rotZ="111.973"></object>
    <object id="object (circuslampost03) (81)" breakable="true" interior="0" alpha="255" model="3472" doublesided="false" scale="0.80000001" dimension="0" posX="3614.1001" posY="434.70001" posZ="130.60001" rotX="0" rotY="0" rotZ="111.973"></object>
    <object id="object (circuslampost03) (82)" breakable="true" interior="0" alpha="255" model="3472" doublesided="false" scale="0.80000001" dimension="0" posX="3606.8" posY="453" posZ="130.60001" rotX="0" rotY="0" rotZ="111.973"></object>
    <object id="object (circuslampost03) (83)" breakable="true" interior="0" alpha="255" model="3472" doublesided="false" scale="0.80000001" dimension="0" posX="3615.3" posY="463.10001" posZ="130.60001" rotX="0" rotY="0" rotZ="147.973"></object>
    <object id="object (circuslampost03) (84)" breakable="true" interior="0" alpha="255" model="3472" doublesided="false" scale="0.80000001" dimension="0" posX="3717" posY="366.60001" posZ="130.60001" rotX="0" rotY="0" rotZ="181.969"></object>
    <object id="object (circuslampost03) (85)" breakable="true" interior="0" alpha="255" model="3472" doublesided="false" scale="0.80000001" dimension="0" posX="3725.8999" posY="377.5" posZ="130.60001" rotX="0" rotY="0" rotZ="181.967"></object>
    <object id="object (circuslampost03) (86)" breakable="true" interior="0" alpha="255" model="3472" doublesided="false" scale="0.80000001" dimension="0" posX="3746.1001" posY="376.89999" posZ="130.60001" rotX="0" rotY="0" rotZ="181.967"></object>
    <object id="object (circuslampost03) (87)" breakable="true" interior="0" alpha="255" model="3472" doublesided="false" scale="0.80000001" dimension="0" posX="3724.3999" posY="346.89999" posZ="130.60001" rotX="0" rotY="0" rotZ="181.967"></object>
    <object id="object (circuslampost03) (88)" breakable="true" interior="0" alpha="255" model="3472" doublesided="false" scale="0.80000001" dimension="0" posX="3734.1001" posY="339.70001" posZ="130.60001" rotX="0" rotY="0" rotZ="241.967"></object>
    <object id="object (circuslampost03) (89)" breakable="true" interior="0" alpha="255" model="3472" doublesided="false" scale="0.80000001" dimension="0" posX="3751.8" posY="338.39999" posZ="130.60001" rotX="0" rotY="0" rotZ="287.963"></object>
    <object id="object (circuslampost03) (90)" breakable="true" interior="0" alpha="255" model="3472" doublesided="false" scale="0.80000001" dimension="0" posX="3760.2" posY="349.39999" posZ="130.60001" rotX="0" rotY="0" rotZ="287.963"></object>
    <object id="object (circuslampost03) (91)" breakable="true" interior="0" alpha="255" model="3472" doublesided="false" scale="0.80000001" dimension="0" posX="3756.8" posY="368.89999" posZ="130.60001" rotX="0" rotY="0" rotZ="287.963"></object>
    <object id="object (circuslampost03) (92)" breakable="true" interior="0" alpha="255" model="3472" doublesided="false" scale="1" dimension="0" posX="3855.2" posY="294" posZ="130.60001" rotX="0" rotY="0" rotZ="0"></object>
    <object id="object (circuslampost03) (93)" breakable="true" interior="0" alpha="255" model="3472" doublesided="false" scale="1" dimension="0" posX="3866.2" posY="285.70001" posZ="130.60001" rotX="0" rotY="0" rotZ="36"></object>
    <object id="object (circuslampost03) (94)" breakable="true" interior="0" alpha="255" model="3472" doublesided="false" scale="1" dimension="0" posX="3870.5" posY="264.10001" posZ="130.60001" rotX="0" rotY="0" rotZ="35.997"></object>
    <object id="object (circuslampost03) (95)" breakable="true" interior="0" alpha="255" model="3472" doublesided="false" scale="1" dimension="0" posX="3862.3" posY="254.7" posZ="130.60001" rotX="0" rotY="0" rotZ="347.997"></object>
    <object id="object (circuslampost03) (96)" breakable="true" interior="0" alpha="255" model="3472" doublesided="false" scale="1" dimension="0" posX="3842.3999" posY="256.39999" posZ="130.60001" rotX="0" rotY="0" rotZ="241.992"></object>
    <object id="object (circuslampost03) (97)" breakable="true" interior="0" alpha="255" model="3472" doublesided="false" scale="1" dimension="0" posX="3832.8999" posY="263.60001" posZ="130.60001" rotX="0" rotY="0" rotZ="241.99"></object>
    <object id="object (circuslampost03) (98)" breakable="true" interior="0" alpha="255" model="3472" doublesided="false" scale="1" dimension="0" posX="3826.6001" posY="280.29999" posZ="130.60001" rotX="0" rotY="0" rotZ="43.99"></object>
    <object id="object (circuslampost03) (99)" breakable="true" interior="0" alpha="255" model="3472" doublesided="false" scale="1" dimension="0" posX="3834.6001" posY="291" posZ="130.60001" rotX="0" rotY="0" rotZ="43.989"></object>
    <object id="object (circuslampost03) (100)" breakable="true" interior="0" alpha="255" model="3472" doublesided="false" scale="1" dimension="0" posX="3760.3999" posY="349.39999" posZ="130.60001" rotX="0" rotY="0" rotZ="43.989"></object>
    <object id="object (circuslampost03) (101)" breakable="true" interior="0" alpha="255" model="3472" doublesided="false" scale="1" dimension="0" posX="3751.8" posY="338.39999" posZ="130.60001" rotX="0" rotY="0" rotZ="43.989"></object>
    <object id="object (circuslampost03) (102)" breakable="true" interior="0" alpha="255" model="3472" doublesided="false" scale="1" dimension="0" posX="3734.1001" posY="339.39999" posZ="130.60001" rotX="0" rotY="0" rotZ="43.989"></object>
    <object id="object (circuslampost03) (103)" breakable="true" interior="0" alpha="255" model="3472" doublesided="false" scale="1" dimension="0" posX="3724.6001" posY="346.79999" posZ="130.60001" rotX="0" rotY="0" rotZ="43.989"></object>
    <object id="object (circuslampost03) (104)" breakable="true" interior="0" alpha="255" model="3472" doublesided="false" scale="1" dimension="0" posX="3718.2" posY="366.39999" posZ="130.60001" rotX="0" rotY="0" rotZ="43.989"></object>
    <object id="object (circuslampost03) (105)" breakable="true" interior="0" alpha="255" model="3472" doublesided="false" scale="1" dimension="0" posX="3726.5" posY="377.20001" posZ="130.60001" rotX="0" rotY="0" rotZ="85.989"></object>
    <object id="object (circuslampost03) (106)" breakable="true" interior="0" alpha="255" model="3472" doublesided="false" scale="1" dimension="0" posX="3746.2" posY="376.79999" posZ="130.60001" rotX="0" rotY="0" rotZ="85.984"></object>
    <object id="object (circuslampost03) (107)" breakable="true" interior="0" alpha="255" model="3472" doublesided="false" scale="1" dimension="0" posX="3756.7" posY="368.70001" posZ="130.60001" rotX="0" rotY="0" rotZ="191.985"></object>
    <object id="object (circuslampost03) (108)" breakable="true" interior="0" alpha="255" model="3472" doublesided="false" scale="1" dimension="0" posX="3650.3" posY="436.5" posZ="130.60001" rotX="0" rotY="0" rotZ="191.981"></object>
    <object id="object (circuslampost03) (109)" breakable="true" interior="0" alpha="255" model="3472" doublesided="false" scale="1" dimension="0" posX="3641.1001" posY="424.39999" posZ="130.60001" rotX="0" rotY="0" rotZ="305.981"></object>
    <object id="object (circuslampost03) (110)" breakable="true" interior="0" alpha="255" model="3472" doublesided="false" scale="1" dimension="0" posX="3624.7" posY="426.29999" posZ="130.60001" rotX="0" rotY="0" rotZ="11.98"></object>
    <object id="object (circuslampost03) (111)" breakable="true" interior="0" alpha="255" model="3472" doublesided="false" scale="1" dimension="0" posX="3613.8999" posY="434.39999" posZ="130.60001" rotX="0" rotY="0" rotZ="11.975"></object>
    <object id="object (circuslampost03) (112)" breakable="true" interior="0" alpha="255" model="3472" doublesided="false" scale="1" dimension="0" posX="3636.1001" posY="463.20001" posZ="130.60001" rotX="0" rotY="0" rotZ="341.975"></object>
    <object id="object (circuslampost03) (113)" breakable="true" interior="0" alpha="255" model="3472" doublesided="false" scale="1" dimension="0" posX="3648.5" posY="454" posZ="130.60001" rotX="0" rotY="0" rotZ="341.971"></object>
    <object id="object (circuslampost03) (114)" breakable="true" interior="0" alpha="255" model="3472" doublesided="false" scale="1" dimension="0" posX="3607.2" posY="452.79999" posZ="130.60001" rotX="0" rotY="0" rotZ="341.971"></object>
    <object id="object (circuslampost03) (115)" breakable="true" interior="0" alpha="255" model="3472" doublesided="false" scale="1" dimension="0" posX="3615.5" posY="462.79999" posZ="130.60001" rotX="0" rotY="0" rotZ="61.971"></object>
    <object id="object (circuslampost03) (116)" breakable="true" interior="0" alpha="255" model="3472" doublesided="false" scale="1" dimension="0" posX="3706.6001" posY="530.5" posZ="130.60001" rotX="0" rotY="0" rotZ="121.968"></object>
    <object id="object (circuslampost03) (117)" breakable="true" interior="0" alpha="255" model="3472" doublesided="false" scale="1" dimension="0" posX="3696.6001" posY="539.59998" posZ="130.60001" rotX="0" rotY="0" rotZ="183.965"></object>
    <object id="object (circuslampost03) (118)" breakable="true" interior="0" alpha="255" model="3472" doublesided="false" scale="1" dimension="0" posX="3692.8" posY="556.5" posZ="130.60001" rotX="0" rotY="0" rotZ="183.961"></object>
    <object id="object (circuslampost03) (119)" breakable="true" interior="0" alpha="255" model="3472" doublesided="false" scale="1" dimension="0" posX="3700.3" posY="566.90002" posZ="130.60001" rotX="0" rotY="0" rotZ="239.961"></object>
    <object id="object (circuslampost03) (120)" breakable="true" interior="0" alpha="255" model="3472" doublesided="false" scale="1" dimension="0" posX="3719.8" posY="568.90002" posZ="130.60001" rotX="0" rotY="0" rotZ="239.958"></object>
    <object id="object (circuslampost03) (121)" breakable="true" interior="0" alpha="255" model="3472" doublesided="false" scale="1" dimension="0" posX="3730.1001" posY="560.29999" posZ="130.60001" rotX="0" rotY="0" rotZ="239.958"></object>
    <object id="object (circuslampost03) (122)" breakable="true" interior="0" alpha="255" model="3472" doublesided="false" scale="1" dimension="0" posX="3735.8999" posY="540.59998" posZ="130.60001" rotX="0" rotY="0" rotZ="285.958"></object>
    <object id="object (circuslampost03) (123)" breakable="true" interior="0" alpha="255" model="3472" doublesided="false" scale="1" dimension="0" posX="3727.6001" posY="529.90002" posZ="130.60001" rotX="0" rotY="0" rotZ="143.958"></object>
    <object id="object (circuslampost03) (124)" breakable="true" interior="0" alpha="255" model="3472" doublesided="false" scale="0.80000001" dimension="0" posX="3807.6001" posY="632.40002" posZ="130.60001" rotX="0" rotY="0" rotZ="39.984"></object>
    <object id="object (circuslampost03) (125)" breakable="true" interior="0" alpha="255" model="3472" doublesided="false" scale="0.80000001" dimension="0" posX="3816.2" posY="642.90002" posZ="130.60001" rotX="0" rotY="0" rotZ="39.979"></object>
    <object id="object (circuslampost03) (126)" breakable="true" interior="0" alpha="255" model="3472" doublesided="false" scale="0.80000001" dimension="0" posX="3812" posY="665.40002" posZ="130.60001" rotX="0" rotY="0" rotZ="93.979"></object>
    <object id="object (circuslampost03) (127)" breakable="true" interior="0" alpha="255" model="3472" doublesided="false" scale="0.80000001" dimension="0" posX="3801.8999" posY="673.5" posZ="130.60001" rotX="0" rotY="0" rotZ="93.977"></object>
    <object id="object (circuslampost03) (128)" breakable="true" interior="0" alpha="255" model="3472" doublesided="false" scale="0.80000001" dimension="0" posX="3780.6001" posY="670.29999" posZ="130.60001" rotX="0" rotY="0" rotZ="169.977"></object>
    <object id="object (circuslampost03) (129)" breakable="true" interior="0" alpha="255" model="3472" doublesided="false" scale="0.80000001" dimension="0" posX="3772.6001" posY="659.40002" posZ="130.60001" rotX="0" rotY="0" rotZ="169.975"></object>
    <object id="object (circuslampost03) (130)" breakable="true" interior="0" alpha="255" model="3472" doublesided="false" scale="0.80000001" dimension="0" posX="3778.5" posY="643.79999" posZ="130.60001" rotX="0" rotY="0" rotZ="249.975"></object>
    <object id="object (circuslampost03) (131)" breakable="true" interior="0" alpha="255" model="3472" doublesided="false" scale="0.80000001" dimension="0" posX="3789.2" posY="635.59998" posZ="130.60001" rotX="0" rotY="0" rotZ="249.972"></object>
    <object id="object (circuslampost03) (132)" breakable="true" interior="0" alpha="255" model="3472" doublesided="false" scale="0.60000002" dimension="0" posX="3816.1001" posY="643" posZ="130.60001" rotX="0" rotY="0" rotZ="125.997"></object>
    <object id="object (circuslampost03) (133)" breakable="true" interior="0" alpha="255" model="3472" doublesided="false" scale="0.60000002" dimension="0" posX="3807.8999" posY="632.40002" posZ="130.60001" rotX="0" rotY="0" rotZ="125.997"></object>
    <object id="object (circuslampost03) (134)" breakable="true" interior="0" alpha="255" model="3472" doublesided="false" scale="0.60000002" dimension="0" posX="3789.3" posY="635.70001" posZ="130.60001" rotX="0" rotY="0" rotZ="171.997"></object>
    <object id="object (circuslampost03) (135)" breakable="true" interior="0" alpha="255" model="3472" doublesided="false" scale="0.60000002" dimension="0" posX="3778.7" posY="643.79999" posZ="130.60001" rotX="0" rotY="0" rotZ="171.996"></object>
    <object id="object (circuslampost03) (136)" breakable="true" interior="0" alpha="255" model="3472" doublesided="false" scale="0.60000002" dimension="0" posX="3772.1001" posY="659.79999" posZ="130.60001" rotX="0" rotY="0" rotZ="171.996"></object>
    <object id="object (circuslampost03) (137)" breakable="true" interior="0" alpha="255" model="3472" doublesided="false" scale="0.60000002" dimension="0" posX="3779.6001" posY="670.70001" posZ="130.60001" rotX="0" rotY="0" rotZ="171.996"></object>
    <object id="object (circuslampost03) (138)" breakable="true" interior="0" alpha="255" model="3472" doublesided="false" scale="0.60000002" dimension="0" posX="3801.8999" posY="673.29999" posZ="130.60001" rotX="0" rotY="0" rotZ="217.996"></object>
    <object id="object (circuslampost03) (139)" breakable="true" interior="0" alpha="255" model="3472" doublesided="false" scale="0.60000002" dimension="0" posX="3811.8999" posY="665.40002" posZ="130.60001" rotX="0" rotY="0" rotZ="217.996"></object>
    <object id="object (circuslampost03) (140)" breakable="true" interior="0" alpha="255" model="3472" doublesided="false" scale="0.60000002" dimension="0" posX="3720" posY="569.09998" posZ="130.60001" rotX="0" rotY="0" rotZ="265.996"></object>
    <object id="object (circuslampost03) (141)" breakable="true" interior="0" alpha="255" model="3472" doublesided="false" scale="0.60000002" dimension="0" posX="3730.6001" posY="560.70001" posZ="130.60001" rotX="0" rotY="0" rotZ="265.995"></object>
    <object id="object (circuslampost03) (142)" breakable="true" interior="0" alpha="255" model="3472" doublesided="false" scale="0.60000002" dimension="0" posX="3700.3" posY="566.90002" posZ="130.60001" rotX="0" rotY="0" rotZ="265.995"></object>
    <object id="object (circuslampost03) (143)" breakable="true" interior="0" alpha="255" model="3472" doublesided="false" scale="0.60000002" dimension="0" posX="3692.7" posY="556.59998" posZ="130.60001" rotX="0" rotY="0" rotZ="321.995"></object>
    <object id="object (circuslampost03) (144)" breakable="true" interior="0" alpha="255" model="3472" doublesided="false" scale="0.60000002" dimension="0" posX="3696.3999" posY="539.40002" posZ="130.60001" rotX="0" rotY="0" rotZ="321.993"></object>
    <object id="object (circuslampost03) (145)" breakable="true" interior="0" alpha="255" model="3472" doublesided="false" scale="0.60000002" dimension="0" posX="3707" posY="531.40002" posZ="130.60001" rotX="0" rotY="0" rotZ="321.993"></object>
    <object id="object (circuslampost03) (146)" breakable="true" interior="0" alpha="255" model="3472" doublesided="false" scale="0.60000002" dimension="0" posX="3727.3" posY="530.20001" posZ="130.60001" rotX="0" rotY="0" rotZ="321.993"></object>
    <object id="object (circuslampost03) (147)" breakable="true" interior="0" alpha="255" model="3472" doublesided="false" scale="0.60000002" dimension="0" posX="3735.5" posY="540.79999" posZ="130.60001" rotX="0" rotY="0" rotZ="57.993"></object>
    <object id="object (circuslampost03) (148)" breakable="true" interior="0" alpha="255" model="3472" doublesided="false" scale="0.60000002" dimension="0" posX="3648.6001" posY="454.20001" posZ="130.60001" rotX="0" rotY="0" rotZ="57.991"></object>
    <object id="object (circuslampost03) (149)" breakable="true" interior="0" alpha="255" model="3472" doublesided="false" scale="0.60000002" dimension="0" posX="3636.3" posY="463.29999" posZ="130.60001" rotX="0" rotY="0" rotZ="57.991"></object>
    <object id="object (circuslampost03) (150)" breakable="true" interior="0" alpha="255" model="3472" doublesided="false" scale="0.60000002" dimension="0" posX="3615.3999" posY="462.89999" posZ="130.60001" rotX="0" rotY="0" rotZ="115.991"></object>
    <object id="object (circuslampost03) (151)" breakable="true" interior="0" alpha="255" model="3472" doublesided="false" scale="0.60000002" dimension="0" posX="3607.3" posY="453" posZ="130.60001" rotX="0" rotY="0" rotZ="115.988"></object>
    <object id="object (circuslampost03) (152)" breakable="true" interior="0" alpha="255" model="3472" doublesided="false" scale="0.60000002" dimension="0" posX="3614.1001" posY="434.39999" posZ="130.60001" rotX="0" rotY="0" rotZ="115.988"></object>
    <object id="object (circuslampost03) (153)" breakable="true" interior="0" alpha="255" model="3472" doublesided="false" scale="0.60000002" dimension="0" posX="3624.6001" posY="426.79999" posZ="130.60001" rotX="0" rotY="0" rotZ="115.988"></object>
    <object id="object (circuslampost03) (154)" breakable="true" interior="0" alpha="255" model="3472" doublesided="false" scale="0.60000002" dimension="0" posX="3640.8999" posY="424.70001" posZ="130.60001" rotX="0" rotY="0" rotZ="115.988"></object>
    <object id="object (circuslampost03) (155)" breakable="true" interior="0" alpha="255" model="3472" doublesided="false" scale="0.60000002" dimension="0" posX="3650.1001" posY="436.60001" posZ="130.60001" rotX="0" rotY="0" rotZ="115.988"></object>
    <object id="object (circuslampost03) (156)" breakable="true" interior="0" alpha="255" model="3472" doublesided="false" scale="0.60000002" dimension="0" posX="3716.8999" posY="366.60001" posZ="130.60001" rotX="0" rotY="0" rotZ="115.988"></object>
    <object id="object (circuslampost03) (157)" breakable="true" interior="0" alpha="255" model="3472" doublesided="false" scale="0.60000002" dimension="0" posX="3725.3" posY="377.70001" posZ="130.60001" rotX="0" rotY="0" rotZ="115.988"></object>
    <object id="object (circuslampost03) (158)" breakable="true" interior="0" alpha="255" model="3472" doublesided="false" scale="0.60000002" dimension="0" posX="3746.6001" posY="377.5" posZ="130.60001" rotX="0" rotY="0" rotZ="163.988"></object>
    <object id="object (circuslampost03) (159)" breakable="true" interior="0" alpha="255" model="3472" doublesided="false" scale="0.60000002" dimension="0" posX="3756.7" posY="368.79999" posZ="130.60001" rotX="0" rotY="0" rotZ="163.987"></object>
    <object id="object (circuslampost03) (160)" breakable="true" interior="0" alpha="255" model="3472" doublesided="false" scale="0.60000002" dimension="0" posX="3760.3" posY="349.70001" posZ="130.60001" rotX="0" rotY="0" rotZ="163.987"></object>
    <object id="object (circuslampost03) (161)" breakable="true" interior="0" alpha="255" model="3472" doublesided="false" scale="0.60000002" dimension="0" posX="3751.8" posY="338.60001" posZ="130.60001" rotX="0" rotY="0" rotZ="163.987"></object>
    <object id="object (circuslampost03) (162)" breakable="true" interior="0" alpha="255" model="3472" doublesided="false" scale="0.60000002" dimension="0" posX="3734" posY="339.60001" posZ="130.60001" rotX="0" rotY="0" rotZ="119.987"></object>
    <object id="object (circuslampost03) (163)" breakable="true" interior="0" alpha="255" model="3472" doublesided="false" scale="0.60000002" dimension="0" posX="3724.5" posY="346.89999" posZ="130.60001" rotX="0" rotY="0" rotZ="119.987"></object>
    <object id="object (circuslampost03) (164)" breakable="true" interior="0" alpha="255" model="3472" doublesided="false" scale="0.60000002" dimension="0" posX="3826.2" posY="280.39999" posZ="130.60001" rotX="0" rotY="0" rotZ="119.987"></object>
    <object id="object (circuslampost03) (165)" breakable="true" interior="0" alpha="255" model="3472" doublesided="false" scale="0.60000002" dimension="0" posX="3834.6001" posY="291" posZ="130.60001" rotX="0" rotY="0" rotZ="165.987"></object>
    <object id="object (circuslampost03) (166)" breakable="true" interior="0" alpha="255" model="3472" doublesided="false" scale="0.60000002" dimension="0" posX="3870.3999" posY="264.20001" posZ="130.60001" rotX="0" rotY="0" rotZ="165.987"></object>
    <object id="object (circuslampost03) (167)" breakable="true" interior="0" alpha="255" model="3472" doublesided="false" scale="0.60000002" dimension="0" posX="3862.3" posY="254.8" posZ="130.60001" rotX="0" rotY="0" rotZ="233.987"></object>
    <object id="object (circuslampost03) (168)" breakable="true" interior="0" alpha="255" model="3472" doublesided="false" scale="0.60000002" dimension="0" posX="3842.3" posY="256.29999" posZ="130.60001" rotX="0" rotY="0" rotZ="233.987"></object>
    <object id="object (circuslampost03) (169)" breakable="true" interior="0" alpha="255" model="3472" doublesided="false" scale="0.60000002" dimension="0" posX="3833.2" posY="263.79999" posZ="130.60001" rotX="0" rotY="0" rotZ="233.987"></object>
    <object id="object (circuslampost03) (170)" breakable="true" interior="0" alpha="255" model="3472" doublesided="false" scale="0.60000002" dimension="0" posX="3866.1001" posY="285.39999" posZ="130.60001" rotX="0" rotY="0" rotZ="273.987"></object>
    <object id="object (circuslampost03) (171)" breakable="true" interior="0" alpha="255" model="3472" doublesided="false" scale="0.60000002" dimension="0" posX="3855.3" posY="293.89999" posZ="130.60001" rotX="0" rotY="0" rotZ="301.983"></object>
    <object id="object (barrel4) (2)" breakable="true" interior="0" alpha="255" model="1225" doublesided="false" scale="1" dimension="0" posX="3823.7998" posY="464" posZ="132" rotX="0" rotY="0" rotZ="0"></object>
</map>