<meta>
	<info author="#Nigga" version="0.0.9" type="script" />
        <script src="niggaQx.lua" type="client" />
        <file src="imagenes/q1.png"/>
        <file src="imagenes/q2.png"/>
        <file src="imagenes/q3.png"/>
        <file src="imagenes/q4.png"/>
        <file src="imagenes/q5.png"/>
        <file src="imagenes/q6.png"/>
        <file src="imagenes/q7.png"/>
        <file src="imagenes/q8.png"/>
        <file src="imagenes/q9.png"/>
        <file src="imagenes/q0.png"/>
</meta>